ISO-10303-21;
HEADER;
/* Generated by software containing ST-Developer
 * from STEP Tools, Inc. (www.steptools.com) 
 */
/* OPTION: using custom renumber hook */

FILE_DESCRIPTION(
/* description */ ('STEP AP242 Edition 2',
'CAx-IF Rec.Pracs.---Representation and Presentation of Product Manufa
cturing Information (PMI)---4.0---2014-10-13',
'CAx-IF Rec.Pracs.---3D Tessellated Geometry---0.4---2014-09-14','2;1',
'CAx-IF Rec.Pracs.---User Defined Attributes---1.5---2016-08-15'),
/* implementation_level */ '2;1');

FILE_NAME(
/* name */ 'Part Studio 1',
/* time_stamp */ '2026-06-03T19:34:26Z',
/* author */ (''),
/* organization */ (''),
/* preprocessor_version */ 'ST-DEVELOPER v20',
/* originating_system */ 'ONSHAPE BY PTC INC, 1.215',
/* authorisation */ '  ');

FILE_SCHEMA (('AP242_MANAGED_MODEL_BASED_3D_ENGINEERING_MIM_LF { 1 0 10303 442 3 1 4 }'));
ENDSEC;

DATA;
#10=SHAPE_REPRESENTATION_RELATIONSHIP('','',#1245,#11);
#11=ADVANCED_BREP_SHAPE_REPRESENTATION('',(#1243),#2323);
#12=TOROIDAL_SURFACE('',#1322,0.0099642789784083,0.00217279220613578);
#13=TOROIDAL_SURFACE('',#1330,0.0099642789784083,0.00217279220613578);
#14=TOROIDAL_SURFACE('',#1332,0.0099642789784083,0.00217279220613578);
#15=TOROIDAL_SURFACE('',#1338,0.0099642789784083,0.00217279220613578);
#16=TOROIDAL_SURFACE('',#1350,0.0104471216908829,0.00168994949366116);
#17=TOROIDAL_SURFACE('',#1358,0.0104471216908829,0.00168994949366116);
#18=TOROIDAL_SURFACE('',#1366,0.0104471216908829,0.00168994949366116);
#19=TOROIDAL_SURFACE('',#1368,0.0104471216908829,0.00168994949366116);
#20=DEGENERATE_TOROIDAL_SURFACE('',#1307,0.000254617793864214,0.00217279220613578,
 .T.);
#21=DEGENERATE_TOROIDAL_SURFACE('',#1314,0.000254617793864214,0.00217279220613578,
 .T.);
#22=DEGENERATE_TOROIDAL_SURFACE('',#1316,0.000254622030773031,0.00217279220613578,
 .T.);
#23=DEGENERATE_TOROIDAL_SURFACE('',#1324,0.000254622030773031,0.00217279220613578,
 .T.);
#24=DEGENERATE_TOROIDAL_SURFACE('',#1342,0.000737464743247649,0.00168994949366116,
 .T.);
#25=DEGENERATE_TOROIDAL_SURFACE('',#1344,0.000737464743247649,0.00168994949366116,
 .T.);
#26=DEGENERATE_TOROIDAL_SURFACE('',#1352,0.000737460506338833,0.00168994949366116,
 .T.);
#27=DEGENERATE_TOROIDAL_SURFACE('',#1360,0.000737460506338833,0.00168994949366116,
 .T.);
#28=CYLINDRICAL_SURFACE('',#1266,0.00145);
#29=CYLINDRICAL_SURFACE('',#1268,0.00145);
#30=CYLINDRICAL_SURFACE('',#1281,0.0121370711845441);
#31=CYLINDRICAL_SURFACE('',#1284,0.0121370711845441);
#32=CYLINDRICAL_SURFACE('',#1287,0.0121370711845441);
#33=CYLINDRICAL_SURFACE('',#1290,0.0121370711845441);
#34=CYLINDRICAL_SURFACE('',#1294,0.00242741423690882);
#35=CYLINDRICAL_SURFACE('',#1297,0.00242741423690882);
#36=CYLINDRICAL_SURFACE('',#1301,0.00242741);
#37=CYLINDRICAL_SURFACE('',#1304,0.00242741);
#38=CYLINDRICAL_SURFACE('',#1310,0.00217279220613578);
#39=CYLINDRICAL_SURFACE('',#1312,0.00217279220613578);
#40=CYLINDRICAL_SURFACE('',#1318,0.00217279220613578);
#41=CYLINDRICAL_SURFACE('',#1320,0.00217279220613578);
#42=CYLINDRICAL_SURFACE('',#1326,0.00217279220613578);
#43=CYLINDRICAL_SURFACE('',#1328,0.00217279220613578);
#44=CYLINDRICAL_SURFACE('',#1334,0.00217279220613578);
#45=CYLINDRICAL_SURFACE('',#1336,0.00217279220613578);
#46=CYLINDRICAL_SURFACE('',#1339,0.00168994949366116);
#47=CYLINDRICAL_SURFACE('',#1346,0.00168994949366116);
#48=CYLINDRICAL_SURFACE('',#1348,0.00168994949366116);
#49=CYLINDRICAL_SURFACE('',#1354,0.00168994949366116);
#50=CYLINDRICAL_SURFACE('',#1356,0.00168994949366116);
#51=CYLINDRICAL_SURFACE('',#1362,0.00168994949366116);
#52=CYLINDRICAL_SURFACE('',#1364,0.00168994949366116);
#53=CYLINDRICAL_SURFACE('',#1370,0.00168994949366116);
#54=B_SPLINE_SURFACE_WITH_KNOTS('',3,1,((#1803,#1804),(#1805,#1806),(#1807,
#1808),(#1809,#1810)),.SURF_OF_LINEAR_EXTRUSION.,.F.,.F.,.F.,(4,4),(2,2),
(0.904761904761905,1.),(0.,1.),.PIECEWISE_BEZIER_KNOTS.);
#55=B_SPLINE_SURFACE_WITH_KNOTS('',3,1,((#1830,#1831),(#1832,#1833),(#1834,
#1835),(#1836,#1837)),.SURF_OF_LINEAR_EXTRUSION.,.F.,.F.,.F.,(4,4),(2,2),
(0.,0.0476190476190476),(0.,1.),.PIECEWISE_BEZIER_KNOTS.);
#56=B_SPLINE_SURFACE_WITH_KNOTS('',3,1,((#1857,#1858),(#1859,#1860),(#1861,
#1862),(#1863,#1864)),.SURF_OF_LINEAR_EXTRUSION.,.F.,.F.,.F.,(4,4),(2,2),
(0.0952380952380952,0.142857142857143),(0.,1.),.PIECEWISE_BEZIER_KNOTS.);
#57=B_SPLINE_SURFACE_WITH_KNOTS('',3,1,((#1871,#1872),(#1873,#1874),(#1875,
#1876),(#1877,#1878)),.SURF_OF_LINEAR_EXTRUSION.,.F.,.F.,.F.,(4,4),(2,2),
(0.476190476190476,0.523809523809524),(0.,1.),.PIECEWISE_BEZIER_KNOTS.);
#58=B_SPLINE_SURFACE_WITH_KNOTS('',3,1,((#1891,#1892),(#1893,#1894),(#1895,
#1896),(#1897,#1898)),.SURF_OF_LINEAR_EXTRUSION.,.F.,.F.,.F.,(4,4),(2,2),
(0.571428571428571,0.619047619048621),(0.,1.),.PIECEWISE_BEZIER_KNOTS.);
#59=B_SPLINE_SURFACE_WITH_KNOTS('',3,1,((#1917,#1918),(#1919,#1920),(#1921,
#1922),(#1923,#1924)),.SURF_OF_LINEAR_EXTRUSION.,.F.,.F.,.F.,(4,4),(2,2),
(0.619047619047619,0.666666666666667),(0.,1.),.PIECEWISE_BEZIER_KNOTS.);
#60=B_SPLINE_SURFACE_WITH_KNOTS('',3,1,((#1941,#1942),(#1943,#1944),(#1945,
#1946),(#1947,#1948)),.SURF_OF_LINEAR_EXTRUSION.,.F.,.F.,.F.,(4,4),(2,2),
(0.761904761904762,0.80952380952381),(0.,1.),.PIECEWISE_BEZIER_KNOTS.);
#61=B_SPLINE_SURFACE_WITH_KNOTS('',3,1,((#1990,#1991),(#1992,#1993),(#1994,
#1995),(#1996,#1997)),.SURF_OF_LINEAR_EXTRUSION.,.F.,.F.,.F.,(4,4),(2,2),
(0.857142857142857,0.904761904761905),(0.,1.),.PIECEWISE_BEZIER_KNOTS.);
#62=B_SPLINE_SURFACE_WITH_KNOTS('',3,1,((#2009,#2010),(#2011,#2012),(#2013,
#2014),(#2015,#2016)),.SURF_OF_LINEAR_EXTRUSION.,.F.,.F.,.F.,(4,4),(2,2),
(0.80952380952381,0.857142857142857),(0.,1.),.PIECEWISE_BEZIER_KNOTS.);
#63=B_SPLINE_SURFACE_WITH_KNOTS('',3,1,((#2025,#2026),(#2027,#2028),(#2029,
#2030),(#2031,#2032)),.SURF_OF_LINEAR_EXTRUSION.,.F.,.F.,.F.,(4,4),(2,2),
(0.714285714285714,0.761904761904762),(0.,1.),.PIECEWISE_BEZIER_KNOTS.);
#64=B_SPLINE_SURFACE_WITH_KNOTS('',3,1,((#2044,#2045),(#2046,#2047),(#2048,
#2049),(#2050,#2051)),.SURF_OF_LINEAR_EXTRUSION.,.F.,.F.,.F.,(4,4),(2,2),
(0.666666666666667,0.714285714285714),(0.,1.),.PIECEWISE_BEZIER_KNOTS.);
#65=B_SPLINE_SURFACE_WITH_KNOTS('',3,1,((#2060,#2061),(#2062,#2063),(#2064,
#2065),(#2066,#2067)),.SURF_OF_LINEAR_EXTRUSION.,.F.,.F.,.F.,(4,4),(2,2),
(0.428571428571428,0.476190476190476),(0.,1.),.PIECEWISE_BEZIER_KNOTS.);
#66=B_SPLINE_SURFACE_WITH_KNOTS('',3,1,((#2074,#2075),(#2076,#2077),(#2078,
#2079),(#2080,#2081)),.SURF_OF_LINEAR_EXTRUSION.,.F.,.F.,.F.,(4,4),(2,2),
(0.380952380952381,0.428571428571428),(0.,1.),.PIECEWISE_BEZIER_KNOTS.);
#67=B_SPLINE_SURFACE_WITH_KNOTS('',3,1,((#2088,#2089),(#2090,#2091),(#2092,
#2093),(#2094,#2095)),.SURF_OF_LINEAR_EXTRUSION.,.F.,.F.,.F.,(4,4),(2,2),
(0.333333333333334,0.380952380952381),(0.,1.),.PIECEWISE_BEZIER_KNOTS.);
#68=B_SPLINE_SURFACE_WITH_KNOTS('',3,1,((#2102,#2103),(#2104,#2105),(#2106,
#2107),(#2108,#2109)),.SURF_OF_LINEAR_EXTRUSION.,.F.,.F.,.F.,(4,4),(2,2),
(0.285714285714286,0.333333333333334),(0.,1.),.PIECEWISE_BEZIER_KNOTS.);
#69=B_SPLINE_SURFACE_WITH_KNOTS('',3,1,((#2116,#2117),(#2118,#2119),(#2120,
#2121),(#2122,#2123)),.SURF_OF_LINEAR_EXTRUSION.,.F.,.F.,.F.,(4,4),(2,2),
(0.238095238095238,0.285714285714286),(0.,1.),.PIECEWISE_BEZIER_KNOTS.);
#70=B_SPLINE_SURFACE_WITH_KNOTS('',3,1,((#2130,#2131),(#2132,#2133),(#2134,
#2135),(#2136,#2137)),.SURF_OF_LINEAR_EXTRUSION.,.F.,.F.,.F.,(4,4),(2,2),
(0.19047619047619,0.238101510417452),(0.,1.),.PIECEWISE_BEZIER_KNOTS.);
#71=B_SPLINE_SURFACE_WITH_KNOTS('',3,1,((#2144,#2145),(#2146,#2147),(#2148,
#2149),(#2150,#2151)),.SURF_OF_LINEAR_EXTRUSION.,.F.,.F.,.F.,(4,4),(2,2),
(0.142857142857143,0.19047619047619),(0.,1.),.PIECEWISE_BEZIER_KNOTS.);
#72=B_SPLINE_CURVE_WITH_KNOTS('',3,(#1702,#1703,#1704,#1705),
 .UNSPECIFIED.,.F.,.F.,(4,4),(0.571428571428571,0.619047619047619),
 .PIECEWISE_BEZIER_KNOTS.);
#73=B_SPLINE_CURVE_WITH_KNOTS('',3,(#1709,#1710,#1711,#1712),
 .UNSPECIFIED.,.F.,.F.,(4,4),(0.476190476190476,0.523809523809524),
 .PIECEWISE_BEZIER_KNOTS.);
#74=B_SPLINE_CURVE_WITH_KNOTS('',3,(#1714,#1715,#1716,#1717),
 .UNSPECIFIED.,.F.,.F.,(4,4),(0.428571428571428,0.476190476190476),
 .PIECEWISE_BEZIER_KNOTS.);
#75=B_SPLINE_CURVE_WITH_KNOTS('',3,(#1719,#1720,#1721,#1722),
 .UNSPECIFIED.,.F.,.F.,(4,4),(0.380952380952381,0.428571428571428),
 .PIECEWISE_BEZIER_KNOTS.);
#76=B_SPLINE_CURVE_WITH_KNOTS('',3,(#1724,#1725,#1726,#1727),
 .UNSPECIFIED.,.F.,.F.,(4,4),(0.333333333333334,0.380952380952381),
 .PIECEWISE_BEZIER_KNOTS.);
#77=B_SPLINE_CURVE_WITH_KNOTS('',3,(#1729,#1730,#1731,#1732),
 .UNSPECIFIED.,.F.,.F.,(4,4),(0.285714285714286,0.333333333333334),
 .PIECEWISE_BEZIER_KNOTS.);
#78=B_SPLINE_CURVE_WITH_KNOTS('',3,(#1734,#1735,#1736,#1737),
 .UNSPECIFIED.,.F.,.F.,(4,4),(0.238095238095238,0.285714285714286),
 .PIECEWISE_BEZIER_KNOTS.);
#79=B_SPLINE_CURVE_WITH_KNOTS('',3,(#1739,#1740,#1741,#1742),
 .UNSPECIFIED.,.F.,.F.,(4,4),(0.19047619047619,0.238095238095238),
 .PIECEWISE_BEZIER_KNOTS.);
#80=B_SPLINE_CURVE_WITH_KNOTS('',3,(#1744,#1745,#1746,#1747),
 .UNSPECIFIED.,.F.,.F.,(4,4),(0.142857142857143,0.19047619047619),
 .PIECEWISE_BEZIER_KNOTS.);
#81=B_SPLINE_CURVE_WITH_KNOTS('',3,(#1749,#1750,#1751,#1752),
 .UNSPECIFIED.,.F.,.F.,(4,4),(0.0952380952380952,0.142857142857143),
 .PIECEWISE_BEZIER_KNOTS.);
#82=B_SPLINE_CURVE_WITH_KNOTS('',3,(#1756,#1757,#1758,#1759),
 .UNSPECIFIED.,.F.,.F.,(4,4),(0.,0.0476190476190476),
 .PIECEWISE_BEZIER_KNOTS.);
#83=B_SPLINE_CURVE_WITH_KNOTS('',3,(#1811,#1812,#1813,#1814),
 .UNSPECIFIED.,.F.,.F.,(4,4),(0.904761904761905,1.),
 .PIECEWISE_BEZIER_KNOTS.);
#84=B_SPLINE_CURVE_WITH_KNOTS('',3,(#1817,#1818,#1819,#1820),
 .UNSPECIFIED.,.F.,.F.,(4,4),(8.67361737988404E-19,0.000675204870191684),
 .UNSPECIFIED.);
#85=B_SPLINE_CURVE_WITH_KNOTS('',3,(#1824,#1825,#1826,#1827),
 .UNSPECIFIED.,.F.,.F.,(4,4),(0.904761904761905,1.),
 .PIECEWISE_BEZIER_KNOTS.);
#86=B_SPLINE_CURVE_WITH_KNOTS('',3,(#1838,#1839,#1840,#1841,#1842,#1843,
#1844,#1845,#1846),.UNSPECIFIED.,.F.,.F.,(4,1,1,1,1,1,4),(0.,7.5808080873714E-5,
0.000151616161747428,0.000303232323494856,0.000606464646989712,0.000909696970484568,
0.00121292929397942),.UNSPECIFIED.);
#87=B_SPLINE_CURVE_WITH_KNOTS('',3,(#1849,#1850,#1851,#1852),
 .UNSPECIFIED.,.F.,.F.,(4,4),(0.,0.0476190476190476),
 .PIECEWISE_BEZIER_KNOTS.);
#88=B_SPLINE_CURVE_WITH_KNOTS('',3,(#1865,#1866,#1867,#1868),
 .UNSPECIFIED.,.F.,.F.,(4,4),(0.0952380952380952,0.142857142857143),
 .PIECEWISE_BEZIER_KNOTS.);
#89=B_SPLINE_CURVE_WITH_KNOTS('',3,(#1879,#1880,#1881,#1882),
 .UNSPECIFIED.,.F.,.F.,(4,4),(0.476190476190476,0.523809523809524),
 .PIECEWISE_BEZIER_KNOTS.);
#90=B_SPLINE_CURVE_WITH_KNOTS('',3,(#1899,#1900,#1901,#1902,#1903,#1904,
#1905,#1906,#1907,#1908,#1909),.UNSPECIFIED.,.F.,.F.,(4,1,1,1,1,1,1,1,4),
(1.5355389891287E-13,0.000283187169492685,0.000566374338831817,0.000707967923501382,
0.000849561508170948,0.000991155092840514,0.0010619518851753,0.00109735028134269,
0.00113274867751008),.UNSPECIFIED.);
#91=B_SPLINE_CURVE_WITH_KNOTS('',3,(#1913,#1914,#1915,#1916),
 .UNSPECIFIED.,.F.,.F.,(4,4),(0.571428571428571,0.619047619047619),
 .PIECEWISE_BEZIER_KNOTS.);
#92=B_SPLINE_CURVE_WITH_KNOTS('',3,(#1925,#1926,#1927,#1928),
 .UNSPECIFIED.,.F.,.F.,(4,4),(0.,0.000669214291502394),.UNSPECIFIED.);
#93=B_SPLINE_CURVE_WITH_KNOTS('',3,(#1930,#1931,#1932,#1933),
 .UNSPECIFIED.,.F.,.F.,(4,4),(0.619047619047619,0.666666666666667),
 .PIECEWISE_BEZIER_KNOTS.);
#94=B_SPLINE_CURVE_WITH_KNOTS('',3,(#1937,#1938,#1939,#1940),
 .UNSPECIFIED.,.F.,.F.,(4,4),(0.619047619047619,0.666666666666667),
 .PIECEWISE_BEZIER_KNOTS.);
#95=B_SPLINE_CURVE_WITH_KNOTS('',3,(#1949,#1950,#1951,#1952),
 .UNSPECIFIED.,.F.,.F.,(4,4),(0.761904761904762,0.80952380952381),
 .PIECEWISE_BEZIER_KNOTS.);
#96=B_SPLINE_CURVE_WITH_KNOTS('',3,(#1957,#1958,#1959,#1960),
 .UNSPECIFIED.,.F.,.F.,(4,4),(0.761904761904762,0.80952380952381),
 .PIECEWISE_BEZIER_KNOTS.);
#97=B_SPLINE_CURVE_WITH_KNOTS('',3,(#1998,#1999,#2000,#2001),
 .UNSPECIFIED.,.F.,.F.,(4,4),(0.857142857142857,0.904761904761905),
 .PIECEWISE_BEZIER_KNOTS.);
#98=B_SPLINE_CURVE_WITH_KNOTS('',3,(#2005,#2006,#2007,#2008),
 .UNSPECIFIED.,.F.,.F.,(4,4),(0.857142857142857,0.904761904761905),
 .PIECEWISE_BEZIER_KNOTS.);
#99=B_SPLINE_CURVE_WITH_KNOTS('',3,(#2017,#2018,#2019,#2020),
 .UNSPECIFIED.,.F.,.F.,(4,4),(0.80952380952381,0.857142857142857),
 .PIECEWISE_BEZIER_KNOTS.);
#100=B_SPLINE_CURVE_WITH_KNOTS('',3,(#2021,#2022,#2023,#2024),
 .UNSPECIFIED.,.F.,.F.,(4,4),(0.80952380952381,0.857142857142857),
 .PIECEWISE_BEZIER_KNOTS.);
#101=B_SPLINE_CURVE_WITH_KNOTS('',3,(#2033,#2034,#2035,#2036),
 .UNSPECIFIED.,.F.,.F.,(4,4),(0.714285714285714,0.761904761904762),
 .PIECEWISE_BEZIER_KNOTS.);
#102=B_SPLINE_CURVE_WITH_KNOTS('',3,(#2040,#2041,#2042,#2043),
 .UNSPECIFIED.,.F.,.F.,(4,4),(0.714285714285714,0.761904761904762),
 .PIECEWISE_BEZIER_KNOTS.);
#103=B_SPLINE_CURVE_WITH_KNOTS('',3,(#2052,#2053,#2054,#2055),
 .UNSPECIFIED.,.F.,.F.,(4,4),(0.666666666666667,0.714285714285714),
 .PIECEWISE_BEZIER_KNOTS.);
#104=B_SPLINE_CURVE_WITH_KNOTS('',3,(#2056,#2057,#2058,#2059),
 .UNSPECIFIED.,.F.,.F.,(4,4),(0.666666666666667,0.714285714285714),
 .PIECEWISE_BEZIER_KNOTS.);
#105=B_SPLINE_CURVE_WITH_KNOTS('',3,(#2068,#2069,#2070,#2071),
 .UNSPECIFIED.,.F.,.F.,(4,4),(0.428571428571428,0.476190476190476),
 .PIECEWISE_BEZIER_KNOTS.);
#106=B_SPLINE_CURVE_WITH_KNOTS('',3,(#2082,#2083,#2084,#2085),
 .UNSPECIFIED.,.F.,.F.,(4,4),(0.380952380952381,0.428571428571428),
 .PIECEWISE_BEZIER_KNOTS.);
#107=B_SPLINE_CURVE_WITH_KNOTS('',3,(#2096,#2097,#2098,#2099),
 .UNSPECIFIED.,.F.,.F.,(4,4),(0.333333333333334,0.380952380952381),
 .PIECEWISE_BEZIER_KNOTS.);
#108=B_SPLINE_CURVE_WITH_KNOTS('',3,(#2110,#2111,#2112,#2113),
 .UNSPECIFIED.,.F.,.F.,(4,4),(0.285714285714286,0.333333333333334),
 .PIECEWISE_BEZIER_KNOTS.);
#109=B_SPLINE_CURVE_WITH_KNOTS('',3,(#2124,#2125,#2126,#2127),
 .UNSPECIFIED.,.F.,.F.,(4,4),(0.238095238095238,0.285714285714286),
 .PIECEWISE_BEZIER_KNOTS.);
#110=B_SPLINE_CURVE_WITH_KNOTS('',3,(#2138,#2139,#2140,#2141),
 .UNSPECIFIED.,.F.,.F.,(4,4),(0.19047619047619,0.238095238095238),
 .PIECEWISE_BEZIER_KNOTS.);
#111=B_SPLINE_CURVE_WITH_KNOTS('',3,(#2152,#2153,#2154,#2155),
 .UNSPECIFIED.,.F.,.F.,(4,4),(0.142857142857143,0.19047619047619),
 .PIECEWISE_BEZIER_KNOTS.);
#112=LINE('',#1700,#186);
#113=LINE('',#1707,#187);
#114=LINE('',#1754,#188);
#115=LINE('',#1761,#189);
#116=LINE('',#1765,#190);
#117=LINE('',#1767,#191);
#118=LINE('',#1772,#192);
#119=LINE('',#1776,#193);
#120=LINE('',#1780,#194);
#121=LINE('',#1784,#195);
#122=LINE('',#1788,#196);
#123=LINE('',#1792,#197);
#124=LINE('',#1796,#198);
#125=LINE('',#1822,#199);
#126=LINE('',#1829,#200);
#127=LINE('',#1847,#201);
#128=LINE('',#1854,#202);
#129=LINE('',#1856,#203);
#130=LINE('',#1870,#204);
#131=LINE('',#1885,#205);
#132=LINE('',#1886,#206);
#133=LINE('',#1888,#207);
#134=LINE('',#1890,#208);
#135=LINE('',#1911,#209);
#136=LINE('',#1935,#210);
#137=LINE('',#1955,#211);
#138=LINE('',#1962,#212);
#139=LINE('',#1964,#213);
#140=LINE('',#1967,#214);
#141=LINE('',#1969,#215);
#142=LINE('',#1971,#216);
#143=LINE('',#1973,#217);
#144=LINE('',#1976,#218);
#145=LINE('',#1978,#219);
#146=LINE('',#1980,#220);
#147=LINE('',#1982,#221);
#148=LINE('',#1985,#222);
#149=LINE('',#1987,#223);
#150=LINE('',#1989,#224);
#151=LINE('',#2003,#225);
#152=LINE('',#2038,#226);
#153=LINE('',#2073,#227);
#154=LINE('',#2087,#228);
#155=LINE('',#2101,#229);
#156=LINE('',#2115,#230);
#157=LINE('',#2129,#231);
#158=LINE('',#2143,#232);
#159=LINE('',#2163,#233);
#160=LINE('',#2166,#234);
#161=LINE('',#2168,#235);
#162=LINE('',#2170,#236);
#163=LINE('',#2172,#237);
#164=LINE('',#2176,#238);
#165=LINE('',#2180,#239);
#166=LINE('',#2184,#240);
#167=LINE('',#2188,#241);
#168=LINE('',#2192,#242);
#169=LINE('',#2196,#243);
#170=LINE('',#2199,#244);
#171=LINE('',#2202,#245);
#172=LINE('',#2204,#246);
#173=LINE('',#2206,#247);
#174=LINE('',#2208,#248);
#175=LINE('',#2211,#249);
#176=LINE('',#2213,#250);
#177=LINE('',#2215,#251);
#178=LINE('',#2229,#252);
#179=LINE('',#2232,#253);
#180=LINE('',#2234,#254);
#181=LINE('',#2236,#255);
#182=LINE('',#2244,#256);
#183=LINE('',#2247,#257);
#184=LINE('',#2249,#258);
#185=LINE('',#2251,#259);
#186=VECTOR('',#1377,1.);
#187=VECTOR('',#1378,1.);
#188=VECTOR('',#1379,1.);
#189=VECTOR('',#1380,1.);
#190=VECTOR('',#1383,1.);
#191=VECTOR('',#1386,1.);
#192=VECTOR('',#1389,1.);
#193=VECTOR('',#1392,1.);
#194=VECTOR('',#1395,1.);
#195=VECTOR('',#1398,1.);
#196=VECTOR('',#1401,1.);
#197=VECTOR('',#1404,1.);
#198=VECTOR('',#1407,1.);
#199=VECTOR('',#1414,1.);
#200=VECTOR('',#1415,1.);
#201=VECTOR('',#1416,1.);
#202=VECTOR('',#1419,1.);
#203=VECTOR('',#1420,1.);
#204=VECTOR('',#1421,1.);
#205=VECTOR('',#1422,1.);
#206=VECTOR('',#1423,1.);
#207=VECTOR('',#1426,1.);
#208=VECTOR('',#1427,1.);
#209=VECTOR('',#1428,1.);
#210=VECTOR('',#1429,1.);
#211=VECTOR('',#1430,1.);
#212=VECTOR('',#1431,1.);
#213=VECTOR('',#1434,1.);
#214=VECTOR('',#1435,1.);
#215=VECTOR('',#1436,1.);
#216=VECTOR('',#1437,1.);
#217=VECTOR('',#1440,1.);
#218=VECTOR('',#1441,1.);
#219=VECTOR('',#1442,1.);
#220=VECTOR('',#1443,1.);
#221=VECTOR('',#1446,1.);
#222=VECTOR('',#1447,1.);
#223=VECTOR('',#1448,1.);
#224=VECTOR('',#1449,1.);
#225=VECTOR('',#1450,1.);
#226=VECTOR('',#1451,1.);
#227=VECTOR('',#1452,1.);
#228=VECTOR('',#1453,1.);
#229=VECTOR('',#1454,1.);
#230=VECTOR('',#1455,1.);
#231=VECTOR('',#1456,1.);
#232=VECTOR('',#1457,1.);
#233=VECTOR('',#1468,1.);
#234=VECTOR('',#1469,1.);
#235=VECTOR('',#1470,1.);
#236=VECTOR('',#1471,1.);
#237=VECTOR('',#1474,1.);
#238=VECTOR('',#1477,1.);
#239=VECTOR('',#1480,1.);
#240=VECTOR('',#1483,1.);
#241=VECTOR('',#1486,1.);
#242=VECTOR('',#1489,1.);
#243=VECTOR('',#1492,1.);
#244=VECTOR('',#1497,1.);
#245=VECTOR('',#1498,1.);
#246=VECTOR('',#1499,1.);
#247=VECTOR('',#1500,1.);
#248=VECTOR('',#1503,1.);
#249=VECTOR('',#1504,1.);
#250=VECTOR('',#1505,1.);
#251=VECTOR('',#1506,1.);
#252=VECTOR('',#1533,1.);
#253=VECTOR('',#1534,1.);
#254=VECTOR('',#1535,1.);
#255=VECTOR('',#1536,1.);
#256=VECTOR('',#1551,1.);
#257=VECTOR('',#1552,1.);
#258=VECTOR('',#1553,1.);
#259=VECTOR('',#1554,1.);
#260=ORIENTED_EDGE('',*,*,#624,.T.);
#261=ORIENTED_EDGE('',*,*,#625,.T.);
#262=ORIENTED_EDGE('',*,*,#626,.F.);
#263=ORIENTED_EDGE('',*,*,#627,.F.);
#264=ORIENTED_EDGE('',*,*,#628,.F.);
#265=ORIENTED_EDGE('',*,*,#629,.F.);
#266=ORIENTED_EDGE('',*,*,#630,.F.);
#267=ORIENTED_EDGE('',*,*,#631,.F.);
#268=ORIENTED_EDGE('',*,*,#632,.F.);
#269=ORIENTED_EDGE('',*,*,#633,.F.);
#270=ORIENTED_EDGE('',*,*,#634,.F.);
#271=ORIENTED_EDGE('',*,*,#635,.F.);
#272=ORIENTED_EDGE('',*,*,#636,.F.);
#273=ORIENTED_EDGE('',*,*,#637,.F.);
#274=ORIENTED_EDGE('',*,*,#638,.F.);
#275=ORIENTED_EDGE('',*,*,#639,.T.);
#276=ORIENTED_EDGE('',*,*,#640,.T.);
#277=ORIENTED_EDGE('',*,*,#641,.T.);
#278=ORIENTED_EDGE('',*,*,#642,.T.);
#279=ORIENTED_EDGE('',*,*,#643,.T.);
#280=ORIENTED_EDGE('',*,*,#644,.T.);
#281=ORIENTED_EDGE('',*,*,#645,.T.);
#282=ORIENTED_EDGE('',*,*,#646,.T.);
#283=ORIENTED_EDGE('',*,*,#647,.T.);
#284=ORIENTED_EDGE('',*,*,#648,.T.);
#285=ORIENTED_EDGE('',*,*,#649,.T.);
#286=ORIENTED_EDGE('',*,*,#650,.T.);
#287=ORIENTED_EDGE('',*,*,#651,.T.);
#288=ORIENTED_EDGE('',*,*,#652,.T.);
#289=ORIENTED_EDGE('',*,*,#653,.T.);
#290=ORIENTED_EDGE('',*,*,#654,.T.);
#291=ORIENTED_EDGE('',*,*,#655,.T.);
#292=ORIENTED_EDGE('',*,*,#656,.T.);
#293=ORIENTED_EDGE('',*,*,#657,.T.);
#294=ORIENTED_EDGE('',*,*,#658,.T.);
#295=ORIENTED_EDGE('',*,*,#659,.T.);
#296=ORIENTED_EDGE('',*,*,#660,.T.);
#297=ORIENTED_EDGE('',*,*,#661,.T.);
#298=ORIENTED_EDGE('',*,*,#662,.T.);
#299=ORIENTED_EDGE('',*,*,#663,.F.);
#300=ORIENTED_EDGE('',*,*,#664,.F.);
#301=ORIENTED_EDGE('',*,*,#662,.F.);
#302=ORIENTED_EDGE('',*,*,#665,.T.);
#303=ORIENTED_EDGE('',*,*,#638,.T.);
#304=ORIENTED_EDGE('',*,*,#666,.T.);
#305=ORIENTED_EDGE('',*,*,#667,.F.);
#306=ORIENTED_EDGE('',*,*,#668,.F.);
#307=ORIENTED_EDGE('',*,*,#666,.F.);
#308=ORIENTED_EDGE('',*,*,#637,.T.);
#309=ORIENTED_EDGE('',*,*,#669,.T.);
#310=ORIENTED_EDGE('',*,*,#670,.F.);
#311=ORIENTED_EDGE('',*,*,#669,.F.);
#312=ORIENTED_EDGE('',*,*,#636,.T.);
#313=ORIENTED_EDGE('',*,*,#671,.T.);
#314=ORIENTED_EDGE('',*,*,#672,.F.);
#315=ORIENTED_EDGE('',*,*,#673,.F.);
#316=ORIENTED_EDGE('',*,*,#628,.T.);
#317=ORIENTED_EDGE('',*,*,#674,.T.);
#318=ORIENTED_EDGE('',*,*,#675,.F.);
#319=ORIENTED_EDGE('',*,*,#674,.F.);
#320=ORIENTED_EDGE('',*,*,#627,.T.);
#321=ORIENTED_EDGE('',*,*,#676,.T.);
#322=ORIENTED_EDGE('',*,*,#626,.T.);
#323=ORIENTED_EDGE('',*,*,#677,.T.);
#324=ORIENTED_EDGE('',*,*,#678,.T.);
#325=ORIENTED_EDGE('',*,*,#679,.F.);
#326=ORIENTED_EDGE('',*,*,#676,.F.);
#327=ORIENTED_EDGE('',*,*,#678,.F.);
#328=ORIENTED_EDGE('',*,*,#680,.T.);
#329=ORIENTED_EDGE('',*,*,#681,.T.);
#330=ORIENTED_EDGE('',*,*,#682,.T.);
#331=ORIENTED_EDGE('',*,*,#683,.F.);
#332=ORIENTED_EDGE('',*,*,#684,.F.);
#333=ORIENTED_EDGE('',*,*,#685,.F.);
#334=ORIENTED_EDGE('',*,*,#686,.T.);
#335=ORIENTED_EDGE('',*,*,#687,.T.);
#336=ORIENTED_EDGE('',*,*,#688,.T.);
#337=ORIENTED_EDGE('',*,*,#689,.T.);
#338=ORIENTED_EDGE('',*,*,#690,.T.);
#339=ORIENTED_EDGE('',*,*,#691,.T.);
#340=ORIENTED_EDGE('',*,*,#692,.T.);
#341=ORIENTED_EDGE('',*,*,#693,.T.);
#342=ORIENTED_EDGE('',*,*,#694,.T.);
#343=ORIENTED_EDGE('',*,*,#695,.T.);
#344=ORIENTED_EDGE('',*,*,#696,.T.);
#345=ORIENTED_EDGE('',*,*,#697,.T.);
#346=ORIENTED_EDGE('',*,*,#698,.T.);
#347=ORIENTED_EDGE('',*,*,#699,.T.);
#348=ORIENTED_EDGE('',*,*,#664,.T.);
#349=ORIENTED_EDGE('',*,*,#700,.F.);
#350=ORIENTED_EDGE('',*,*,#701,.F.);
#351=ORIENTED_EDGE('',*,*,#702,.T.);
#352=ORIENTED_EDGE('',*,*,#701,.T.);
#353=ORIENTED_EDGE('',*,*,#703,.F.);
#354=ORIENTED_EDGE('',*,*,#687,.F.);
#355=ORIENTED_EDGE('',*,*,#704,.T.);
#356=ORIENTED_EDGE('',*,*,#685,.T.);
#357=ORIENTED_EDGE('',*,*,#705,.F.);
#358=ORIENTED_EDGE('',*,*,#706,.F.);
#359=ORIENTED_EDGE('',*,*,#707,.T.);
#360=ORIENTED_EDGE('',*,*,#706,.T.);
#361=ORIENTED_EDGE('',*,*,#708,.F.);
#362=ORIENTED_EDGE('',*,*,#682,.F.);
#363=ORIENTED_EDGE('',*,*,#709,.T.);
#364=ORIENTED_EDGE('',*,*,#673,.T.);
#365=ORIENTED_EDGE('',*,*,#710,.F.);
#366=ORIENTED_EDGE('',*,*,#711,.F.);
#367=ORIENTED_EDGE('',*,*,#629,.T.);
#368=ORIENTED_EDGE('',*,*,#711,.T.);
#369=ORIENTED_EDGE('',*,*,#712,.F.);
#370=ORIENTED_EDGE('',*,*,#713,.F.);
#371=ORIENTED_EDGE('',*,*,#630,.T.);
#372=ORIENTED_EDGE('',*,*,#713,.T.);
#373=ORIENTED_EDGE('',*,*,#714,.F.);
#374=ORIENTED_EDGE('',*,*,#715,.F.);
#375=ORIENTED_EDGE('',*,*,#631,.T.);
#376=ORIENTED_EDGE('',*,*,#715,.T.);
#377=ORIENTED_EDGE('',*,*,#716,.F.);
#378=ORIENTED_EDGE('',*,*,#717,.F.);
#379=ORIENTED_EDGE('',*,*,#632,.T.);
#380=ORIENTED_EDGE('',*,*,#717,.T.);
#381=ORIENTED_EDGE('',*,*,#718,.F.);
#382=ORIENTED_EDGE('',*,*,#719,.F.);
#383=ORIENTED_EDGE('',*,*,#633,.T.);
#384=ORIENTED_EDGE('',*,*,#719,.T.);
#385=ORIENTED_EDGE('',*,*,#720,.F.);
#386=ORIENTED_EDGE('',*,*,#721,.F.);
#387=ORIENTED_EDGE('',*,*,#634,.T.);
#388=ORIENTED_EDGE('',*,*,#721,.T.);
#389=ORIENTED_EDGE('',*,*,#722,.F.);
#390=ORIENTED_EDGE('',*,*,#671,.F.);
#391=ORIENTED_EDGE('',*,*,#635,.T.);
#392=ORIENTED_EDGE('',*,*,#723,.T.);
#393=ORIENTED_EDGE('',*,*,#659,.F.);
#394=ORIENTED_EDGE('',*,*,#724,.T.);
#395=ORIENTED_EDGE('',*,*,#658,.F.);
#396=ORIENTED_EDGE('',*,*,#725,.T.);
#397=ORIENTED_EDGE('',*,*,#726,.T.);
#398=ORIENTED_EDGE('',*,*,#727,.T.);
#399=ORIENTED_EDGE('',*,*,#728,.T.);
#400=ORIENTED_EDGE('',*,*,#681,.F.);
#401=ORIENTED_EDGE('',*,*,#729,.T.);
#402=ORIENTED_EDGE('',*,*,#730,.T.);
#403=ORIENTED_EDGE('',*,*,#731,.T.);
#404=ORIENTED_EDGE('',*,*,#732,.T.);
#405=ORIENTED_EDGE('',*,*,#733,.T.);
#406=ORIENTED_EDGE('',*,*,#734,.T.);
#407=ORIENTED_EDGE('',*,*,#735,.T.);
#408=ORIENTED_EDGE('',*,*,#736,.T.);
#409=ORIENTED_EDGE('',*,*,#737,.T.);
#410=ORIENTED_EDGE('',*,*,#738,.T.);
#411=ORIENTED_EDGE('',*,*,#739,.T.);
#412=ORIENTED_EDGE('',*,*,#740,.T.);
#413=ORIENTED_EDGE('',*,*,#741,.T.);
#414=ORIENTED_EDGE('',*,*,#660,.F.);
#415=ORIENTED_EDGE('',*,*,#702,.F.);
#416=ORIENTED_EDGE('',*,*,#704,.F.);
#417=ORIENTED_EDGE('',*,*,#686,.F.);
#418=ORIENTED_EDGE('',*,*,#707,.F.);
#419=ORIENTED_EDGE('',*,*,#709,.F.);
#420=ORIENTED_EDGE('',*,*,#724,.F.);
#421=ORIENTED_EDGE('',*,*,#723,.F.);
#422=ORIENTED_EDGE('',*,*,#663,.T.);
#423=ORIENTED_EDGE('',*,*,#667,.T.);
#424=ORIENTED_EDGE('',*,*,#668,.T.);
#425=ORIENTED_EDGE('',*,*,#670,.T.);
#426=ORIENTED_EDGE('',*,*,#722,.T.);
#427=ORIENTED_EDGE('',*,*,#720,.T.);
#428=ORIENTED_EDGE('',*,*,#718,.T.);
#429=ORIENTED_EDGE('',*,*,#716,.T.);
#430=ORIENTED_EDGE('',*,*,#714,.T.);
#431=ORIENTED_EDGE('',*,*,#712,.T.);
#432=ORIENTED_EDGE('',*,*,#710,.T.);
#433=ORIENTED_EDGE('',*,*,#672,.T.);
#434=ORIENTED_EDGE('',*,*,#675,.T.);
#435=ORIENTED_EDGE('',*,*,#679,.T.);
#436=ORIENTED_EDGE('',*,*,#683,.T.);
#437=ORIENTED_EDGE('',*,*,#708,.T.);
#438=ORIENTED_EDGE('',*,*,#705,.T.);
#439=ORIENTED_EDGE('',*,*,#684,.T.);
#440=ORIENTED_EDGE('',*,*,#703,.T.);
#441=ORIENTED_EDGE('',*,*,#700,.T.);
#442=ORIENTED_EDGE('',*,*,#742,.T.);
#443=ORIENTED_EDGE('',*,*,#743,.T.);
#444=ORIENTED_EDGE('',*,*,#744,.T.);
#445=ORIENTED_EDGE('',*,*,#745,.T.);
#446=ORIENTED_EDGE('',*,*,#746,.T.);
#447=ORIENTED_EDGE('',*,*,#747,.T.);
#448=ORIENTED_EDGE('',*,*,#748,.T.);
#449=ORIENTED_EDGE('',*,*,#749,.T.);
#450=ORIENTED_EDGE('',*,*,#727,.F.);
#451=ORIENTED_EDGE('',*,*,#750,.T.);
#452=ORIENTED_EDGE('',*,*,#746,.F.);
#453=ORIENTED_EDGE('',*,*,#751,.T.);
#454=ORIENTED_EDGE('',*,*,#748,.F.);
#455=ORIENTED_EDGE('',*,*,#752,.T.);
#456=ORIENTED_EDGE('',*,*,#696,.F.);
#457=ORIENTED_EDGE('',*,*,#753,.T.);
#458=ORIENTED_EDGE('',*,*,#744,.F.);
#459=ORIENTED_EDGE('',*,*,#754,.T.);
#460=ORIENTED_EDGE('',*,*,#692,.F.);
#461=ORIENTED_EDGE('',*,*,#755,.T.);
#462=ORIENTED_EDGE('',*,*,#698,.F.);
#463=ORIENTED_EDGE('',*,*,#756,.T.);
#464=ORIENTED_EDGE('',*,*,#742,.F.);
#465=ORIENTED_EDGE('',*,*,#757,.T.);
#466=ORIENTED_EDGE('',*,*,#758,.T.);
#467=ORIENTED_EDGE('',*,*,#759,.T.);
#468=ORIENTED_EDGE('',*,*,#760,.T.);
#469=ORIENTED_EDGE('',*,*,#761,.T.);
#470=ORIENTED_EDGE('',*,*,#760,.F.);
#471=ORIENTED_EDGE('',*,*,#762,.T.);
#472=ORIENTED_EDGE('',*,*,#688,.F.);
#473=ORIENTED_EDGE('',*,*,#763,.T.);
#474=ORIENTED_EDGE('',*,*,#694,.F.);
#475=ORIENTED_EDGE('',*,*,#764,.T.);
#476=ORIENTED_EDGE('',*,*,#758,.F.);
#477=ORIENTED_EDGE('',*,*,#765,.T.);
#478=ORIENTED_EDGE('',*,*,#766,.T.);
#479=ORIENTED_EDGE('',*,*,#767,.T.);
#480=ORIENTED_EDGE('',*,*,#768,.T.);
#481=ORIENTED_EDGE('',*,*,#769,.T.);
#482=ORIENTED_EDGE('',*,*,#768,.F.);
#483=ORIENTED_EDGE('',*,*,#770,.T.);
#484=ORIENTED_EDGE('',*,*,#725,.F.);
#485=ORIENTED_EDGE('',*,*,#771,.T.);
#486=ORIENTED_EDGE('',*,*,#690,.F.);
#487=ORIENTED_EDGE('',*,*,#772,.T.);
#488=ORIENTED_EDGE('',*,*,#766,.F.);
#489=ORIENTED_EDGE('',*,*,#773,.T.);
#490=ORIENTED_EDGE('',*,*,#774,.F.);
#491=ORIENTED_EDGE('',*,*,#773,.F.);
#492=ORIENTED_EDGE('',*,*,#775,.F.);
#493=ORIENTED_EDGE('',*,*,#651,.F.);
#494=ORIENTED_EDGE('',*,*,#775,.T.);
#495=ORIENTED_EDGE('',*,*,#769,.F.);
#496=ORIENTED_EDGE('',*,*,#776,.F.);
#497=ORIENTED_EDGE('',*,*,#652,.F.);
#498=ORIENTED_EDGE('',*,*,#774,.T.);
#499=ORIENTED_EDGE('',*,*,#650,.F.);
#500=ORIENTED_EDGE('',*,*,#777,.F.);
#501=ORIENTED_EDGE('',*,*,#691,.F.);
#502=ORIENTED_EDGE('',*,*,#776,.T.);
#503=ORIENTED_EDGE('',*,*,#771,.F.);
#504=ORIENTED_EDGE('',*,*,#778,.F.);
#505=ORIENTED_EDGE('',*,*,#653,.F.);
#506=ORIENTED_EDGE('',*,*,#777,.T.);
#507=ORIENTED_EDGE('',*,*,#649,.F.);
#508=ORIENTED_EDGE('',*,*,#779,.F.);
#509=ORIENTED_EDGE('',*,*,#763,.F.);
#510=ORIENTED_EDGE('',*,*,#778,.T.);
#511=ORIENTED_EDGE('',*,*,#728,.F.);
#512=ORIENTED_EDGE('',*,*,#780,.F.);
#513=ORIENTED_EDGE('',*,*,#654,.F.);
#514=ORIENTED_EDGE('',*,*,#779,.T.);
#515=ORIENTED_EDGE('',*,*,#648,.F.);
#516=ORIENTED_EDGE('',*,*,#781,.F.);
#517=ORIENTED_EDGE('',*,*,#761,.F.);
#518=ORIENTED_EDGE('',*,*,#780,.T.);
#519=ORIENTED_EDGE('',*,*,#751,.F.);
#520=ORIENTED_EDGE('',*,*,#782,.F.);
#521=ORIENTED_EDGE('',*,*,#655,.F.);
#522=ORIENTED_EDGE('',*,*,#781,.T.);
#523=ORIENTED_EDGE('',*,*,#647,.F.);
#524=ORIENTED_EDGE('',*,*,#783,.F.);
#525=ORIENTED_EDGE('',*,*,#765,.F.);
#526=ORIENTED_EDGE('',*,*,#782,.T.);
#527=ORIENTED_EDGE('',*,*,#749,.F.);
#528=ORIENTED_EDGE('',*,*,#784,.F.);
#529=ORIENTED_EDGE('',*,*,#656,.F.);
#530=ORIENTED_EDGE('',*,*,#783,.T.);
#531=ORIENTED_EDGE('',*,*,#646,.F.);
#532=ORIENTED_EDGE('',*,*,#785,.F.);
#533=ORIENTED_EDGE('',*,*,#695,.F.);
#534=ORIENTED_EDGE('',*,*,#784,.T.);
#535=ORIENTED_EDGE('',*,*,#753,.F.);
#536=ORIENTED_EDGE('',*,*,#786,.F.);
#537=ORIENTED_EDGE('',*,*,#657,.F.);
#538=ORIENTED_EDGE('',*,*,#785,.T.);
#539=ORIENTED_EDGE('',*,*,#645,.F.);
#540=ORIENTED_EDGE('',*,*,#787,.F.);
#541=ORIENTED_EDGE('',*,*,#755,.F.);
#542=ORIENTED_EDGE('',*,*,#786,.T.);
#543=ORIENTED_EDGE('',*,*,#699,.F.);
#544=ORIENTED_EDGE('',*,*,#788,.F.);
#545=ORIENTED_EDGE('',*,*,#642,.F.);
#546=ORIENTED_EDGE('',*,*,#787,.T.);
#547=ORIENTED_EDGE('',*,*,#644,.F.);
#548=ORIENTED_EDGE('',*,*,#789,.F.);
#549=ORIENTED_EDGE('',*,*,#745,.F.);
#550=ORIENTED_EDGE('',*,*,#788,.T.);
#551=ORIENTED_EDGE('',*,*,#757,.F.);
#552=ORIENTED_EDGE('',*,*,#789,.T.);
#553=ORIENTED_EDGE('',*,*,#643,.F.);
#554=ORIENTED_EDGE('',*,*,#790,.F.);
#555=ORIENTED_EDGE('',*,*,#759,.F.);
#556=ORIENTED_EDGE('',*,*,#791,.F.);
#557=ORIENTED_EDGE('',*,*,#729,.F.);
#558=ORIENTED_EDGE('',*,*,#680,.F.);
#559=ORIENTED_EDGE('',*,*,#677,.F.);
#560=ORIENTED_EDGE('',*,*,#625,.F.);
#561=ORIENTED_EDGE('',*,*,#791,.T.);
#562=ORIENTED_EDGE('',*,*,#764,.F.);
#563=ORIENTED_EDGE('',*,*,#792,.F.);
#564=ORIENTED_EDGE('',*,*,#730,.F.);
#565=ORIENTED_EDGE('',*,*,#790,.T.);
#566=ORIENTED_EDGE('',*,*,#624,.F.);
#567=ORIENTED_EDGE('',*,*,#793,.F.);
#568=ORIENTED_EDGE('',*,*,#762,.F.);
#569=ORIENTED_EDGE('',*,*,#792,.T.);
#570=ORIENTED_EDGE('',*,*,#693,.F.);
#571=ORIENTED_EDGE('',*,*,#794,.F.);
#572=ORIENTED_EDGE('',*,*,#731,.F.);
#573=ORIENTED_EDGE('',*,*,#793,.T.);
#574=ORIENTED_EDGE('',*,*,#641,.F.);
#575=ORIENTED_EDGE('',*,*,#795,.F.);
#576=ORIENTED_EDGE('',*,*,#689,.F.);
#577=ORIENTED_EDGE('',*,*,#794,.T.);
#578=ORIENTED_EDGE('',*,*,#754,.F.);
#579=ORIENTED_EDGE('',*,*,#796,.F.);
#580=ORIENTED_EDGE('',*,*,#732,.F.);
#581=ORIENTED_EDGE('',*,*,#795,.T.);
#582=ORIENTED_EDGE('',*,*,#640,.F.);
#583=ORIENTED_EDGE('',*,*,#797,.F.);
#584=ORIENTED_EDGE('',*,*,#772,.F.);
#585=ORIENTED_EDGE('',*,*,#796,.T.);
#586=ORIENTED_EDGE('',*,*,#743,.F.);
#587=ORIENTED_EDGE('',*,*,#798,.F.);
#588=ORIENTED_EDGE('',*,*,#733,.F.);
#589=ORIENTED_EDGE('',*,*,#661,.F.);
#590=ORIENTED_EDGE('',*,*,#741,.F.);
#591=ORIENTED_EDGE('',*,*,#799,.F.);
#592=ORIENTED_EDGE('',*,*,#767,.F.);
#593=ORIENTED_EDGE('',*,*,#797,.T.);
#594=ORIENTED_EDGE('',*,*,#639,.F.);
#595=ORIENTED_EDGE('',*,*,#665,.F.);
#596=ORIENTED_EDGE('',*,*,#798,.T.);
#597=ORIENTED_EDGE('',*,*,#756,.F.);
#598=ORIENTED_EDGE('',*,*,#800,.F.);
#599=ORIENTED_EDGE('',*,*,#734,.F.);
#600=ORIENTED_EDGE('',*,*,#799,.T.);
#601=ORIENTED_EDGE('',*,*,#740,.F.);
#602=ORIENTED_EDGE('',*,*,#801,.F.);
#603=ORIENTED_EDGE('',*,*,#770,.F.);
#604=ORIENTED_EDGE('',*,*,#800,.T.);
#605=ORIENTED_EDGE('',*,*,#697,.F.);
#606=ORIENTED_EDGE('',*,*,#802,.F.);
#607=ORIENTED_EDGE('',*,*,#735,.F.);
#608=ORIENTED_EDGE('',*,*,#801,.T.);
#609=ORIENTED_EDGE('',*,*,#739,.F.);
#610=ORIENTED_EDGE('',*,*,#803,.F.);
#611=ORIENTED_EDGE('',*,*,#726,.F.);
#612=ORIENTED_EDGE('',*,*,#802,.T.);
#613=ORIENTED_EDGE('',*,*,#752,.F.);
#614=ORIENTED_EDGE('',*,*,#804,.F.);
#615=ORIENTED_EDGE('',*,*,#736,.F.);
#616=ORIENTED_EDGE('',*,*,#803,.T.);
#617=ORIENTED_EDGE('',*,*,#738,.F.);
#618=ORIENTED_EDGE('',*,*,#805,.F.);
#619=ORIENTED_EDGE('',*,*,#750,.F.);
#620=ORIENTED_EDGE('',*,*,#804,.T.);
#621=ORIENTED_EDGE('',*,*,#747,.F.);
#622=ORIENTED_EDGE('',*,*,#805,.T.);
#623=ORIENTED_EDGE('',*,*,#737,.F.);
#624=EDGE_CURVE('',#806,#807,#918,.T.);
#625=EDGE_CURVE('',#807,#808,#112,.T.);
#626=EDGE_CURVE('',#809,#808,#72,.T.);
#627=EDGE_CURVE('',#810,#809,#113,.T.);
#628=EDGE_CURVE('',#811,#810,#73,.T.);
#629=EDGE_CURVE('',#812,#811,#74,.T.);
#630=EDGE_CURVE('',#813,#812,#75,.T.);
#631=EDGE_CURVE('',#814,#813,#76,.T.);
#632=EDGE_CURVE('',#815,#814,#77,.T.);
#633=EDGE_CURVE('',#816,#815,#78,.T.);
#634=EDGE_CURVE('',#817,#816,#79,.T.);
#635=EDGE_CURVE('',#818,#817,#80,.T.);
#636=EDGE_CURVE('',#819,#818,#81,.T.);
#637=EDGE_CURVE('',#820,#819,#114,.T.);
#638=EDGE_CURVE('',#821,#820,#82,.T.);
#639=EDGE_CURVE('',#821,#822,#115,.F.);
#640=EDGE_CURVE('',#822,#823,#919,.T.);
#641=EDGE_CURVE('',#823,#806,#116,.F.);
#642=EDGE_CURVE('',#824,#825,#117,.F.);
#643=EDGE_CURVE('',#825,#826,#920,.F.);
#644=EDGE_CURVE('',#826,#827,#118,.F.);
#645=EDGE_CURVE('',#827,#828,#921,.F.);
#646=EDGE_CURVE('',#828,#829,#119,.F.);
#647=EDGE_CURVE('',#829,#830,#922,.F.);
#648=EDGE_CURVE('',#830,#831,#120,.T.);
#649=EDGE_CURVE('',#831,#832,#923,.F.);
#650=EDGE_CURVE('',#832,#833,#121,.T.);
#651=EDGE_CURVE('',#833,#834,#924,.F.);
#652=EDGE_CURVE('',#834,#835,#122,.F.);
#653=EDGE_CURVE('',#835,#836,#925,.F.);
#654=EDGE_CURVE('',#836,#837,#123,.T.);
#655=EDGE_CURVE('',#837,#838,#926,.F.);
#656=EDGE_CURVE('',#838,#839,#124,.T.);
#657=EDGE_CURVE('',#839,#824,#927,.F.);
#658=EDGE_CURVE('',#840,#840,#928,.T.);
#659=EDGE_CURVE('',#841,#841,#929,.T.);
#660=EDGE_CURVE('',#842,#843,#83,.T.);
#661=EDGE_CURVE('',#843,#844,#84,.T.);
#662=EDGE_CURVE('',#844,#845,#125,.T.);
#663=EDGE_CURVE('',#846,#845,#85,.T.);
#664=EDGE_CURVE('',#842,#846,#126,.T.);
#665=EDGE_CURVE('',#844,#821,#86,.T.);
#666=EDGE_CURVE('',#820,#847,#127,.T.);
#667=EDGE_CURVE('',#845,#847,#87,.T.);
#668=EDGE_CURVE('',#847,#848,#128,.T.);
#669=EDGE_CURVE('',#819,#848,#129,.T.);
#670=EDGE_CURVE('',#848,#849,#88,.T.);
#671=EDGE_CURVE('',#818,#849,#130,.T.);
#672=EDGE_CURVE('',#850,#851,#89,.T.);
#673=EDGE_CURVE('',#811,#850,#131,.T.);
#674=EDGE_CURVE('',#810,#851,#132,.T.);
#675=EDGE_CURVE('',#851,#852,#133,.T.);
#676=EDGE_CURVE('',#809,#852,#134,.T.);
#677=EDGE_CURVE('',#808,#853,#90,.T.);
#678=EDGE_CURVE('',#853,#854,#135,.T.);
#679=EDGE_CURVE('',#852,#854,#91,.T.);
#680=EDGE_CURVE('',#853,#855,#92,.T.);
#681=EDGE_CURVE('',#855,#856,#93,.T.);
#682=EDGE_CURVE('',#856,#857,#136,.T.);
#683=EDGE_CURVE('',#854,#857,#94,.T.);
#684=EDGE_CURVE('',#858,#859,#95,.T.);
#685=EDGE_CURVE('',#860,#858,#137,.T.);
#686=EDGE_CURVE('',#860,#861,#96,.T.);
#687=EDGE_CURVE('',#861,#859,#138,.T.);
#688=EDGE_CURVE('',#862,#863,#139,.T.);
#689=EDGE_CURVE('',#863,#864,#140,.T.);
#690=EDGE_CURVE('',#864,#865,#141,.F.);
#691=EDGE_CURVE('',#865,#862,#142,.F.);
#692=EDGE_CURVE('',#866,#867,#143,.F.);
#693=EDGE_CURVE('',#867,#868,#144,.F.);
#694=EDGE_CURVE('',#868,#869,#145,.T.);
#695=EDGE_CURVE('',#869,#866,#146,.T.);
#696=EDGE_CURVE('',#870,#871,#147,.T.);
#697=EDGE_CURVE('',#871,#872,#148,.F.);
#698=EDGE_CURVE('',#872,#873,#149,.F.);
#699=EDGE_CURVE('',#873,#870,#150,.T.);
#700=EDGE_CURVE('',#874,#846,#97,.T.);
#701=EDGE_CURVE('',#875,#874,#151,.T.);
#702=EDGE_CURVE('',#875,#842,#98,.T.);
#703=EDGE_CURVE('',#859,#874,#99,.T.);
#704=EDGE_CURVE('',#861,#875,#100,.T.);
#705=EDGE_CURVE('',#876,#858,#101,.T.);
#706=EDGE_CURVE('',#877,#876,#152,.T.);
#707=EDGE_CURVE('',#877,#860,#102,.T.);
#708=EDGE_CURVE('',#857,#876,#103,.T.);
#709=EDGE_CURVE('',#856,#877,#104,.T.);
#710=EDGE_CURVE('',#878,#850,#105,.T.);
#711=EDGE_CURVE('',#812,#878,#153,.T.);
#712=EDGE_CURVE('',#879,#878,#106,.T.);
#713=EDGE_CURVE('',#813,#879,#154,.T.);
#714=EDGE_CURVE('',#880,#879,#107,.T.);
#715=EDGE_CURVE('',#814,#880,#155,.T.);
#716=EDGE_CURVE('',#881,#880,#108,.T.);
#717=EDGE_CURVE('',#815,#881,#156,.T.);
#718=EDGE_CURVE('',#882,#881,#109,.T.);
#719=EDGE_CURVE('',#816,#882,#157,.T.);
#720=EDGE_CURVE('',#883,#882,#110,.T.);
#721=EDGE_CURVE('',#817,#883,#158,.T.);
#722=EDGE_CURVE('',#849,#883,#111,.T.);
#723=EDGE_CURVE('',#884,#884,#930,.T.);
#724=EDGE_CURVE('',#885,#885,#931,.T.);
#725=EDGE_CURVE('',#886,#887,#159,.F.);
#726=EDGE_CURVE('',#887,#888,#160,.T.);
#727=EDGE_CURVE('',#888,#889,#161,.T.);
#728=EDGE_CURVE('',#889,#886,#162,.F.);
#729=EDGE_CURVE('',#855,#890,#163,.T.);
#730=EDGE_CURVE('',#890,#891,#932,.T.);
#731=EDGE_CURVE('',#891,#892,#164,.T.);
#732=EDGE_CURVE('',#892,#893,#933,.T.);
#733=EDGE_CURVE('',#893,#894,#165,.F.);
#734=EDGE_CURVE('',#894,#895,#934,.T.);
#735=EDGE_CURVE('',#895,#896,#166,.T.);
#736=EDGE_CURVE('',#896,#897,#935,.T.);
#737=EDGE_CURVE('',#897,#898,#167,.T.);
#738=EDGE_CURVE('',#898,#899,#936,.T.);
#739=EDGE_CURVE('',#899,#900,#168,.F.);
#740=EDGE_CURVE('',#900,#901,#937,.T.);
#741=EDGE_CURVE('',#901,#843,#169,.F.);
#742=EDGE_CURVE('',#902,#903,#170,.F.);
#743=EDGE_CURVE('',#903,#904,#171,.F.);
#744=EDGE_CURVE('',#904,#905,#172,.F.);
#745=EDGE_CURVE('',#905,#902,#173,.F.);
#746=EDGE_CURVE('',#906,#907,#174,.F.);
#747=EDGE_CURVE('',#907,#908,#175,.F.);
#748=EDGE_CURVE('',#908,#909,#176,.F.);
#749=EDGE_CURVE('',#909,#906,#177,.F.);
#750=EDGE_CURVE('',#888,#907,#938,.F.);
#751=EDGE_CURVE('',#906,#889,#939,.T.);
#752=EDGE_CURVE('',#908,#871,#940,.F.);
#753=EDGE_CURVE('',#870,#909,#941,.T.);
#754=EDGE_CURVE('',#904,#867,#942,.F.);
#755=EDGE_CURVE('',#866,#905,#943,.T.);
#756=EDGE_CURVE('',#872,#903,#944,.F.);
#757=EDGE_CURVE('',#902,#873,#945,.T.);
#758=EDGE_CURVE('',#910,#911,#178,.F.);
#759=EDGE_CURVE('',#911,#912,#179,.F.);
#760=EDGE_CURVE('',#912,#913,#180,.F.);
#761=EDGE_CURVE('',#913,#910,#181,.F.);
#762=EDGE_CURVE('',#912,#863,#946,.F.);
#763=EDGE_CURVE('',#862,#913,#947,.T.);
#764=EDGE_CURVE('',#868,#911,#948,.F.);
#765=EDGE_CURVE('',#910,#869,#949,.T.);
#766=EDGE_CURVE('',#914,#915,#182,.F.);
#767=EDGE_CURVE('',#915,#916,#183,.F.);
#768=EDGE_CURVE('',#916,#917,#184,.F.);
#769=EDGE_CURVE('',#917,#914,#185,.F.);
#770=EDGE_CURVE('',#916,#887,#950,.F.);
#771=EDGE_CURVE('',#886,#917,#951,.T.);
#772=EDGE_CURVE('',#864,#915,#952,.F.);
#773=EDGE_CURVE('',#914,#865,#953,.T.);
#774=EDGE_CURVE('',#865,#833,#954,.T.);
#775=EDGE_CURVE('',#834,#914,#955,.T.);
#776=EDGE_CURVE('',#835,#917,#956,.T.);
#777=EDGE_CURVE('',#862,#832,#957,.T.);
#778=EDGE_CURVE('',#836,#886,#958,.T.);
#779=EDGE_CURVE('',#913,#831,#959,.T.);
#780=EDGE_CURVE('',#837,#889,#960,.T.);
#781=EDGE_CURVE('',#910,#830,#961,.T.);
#782=EDGE_CURVE('',#838,#906,#962,.T.);
#783=EDGE_CURVE('',#869,#829,#963,.T.);
#784=EDGE_CURVE('',#839,#909,#964,.T.);
#785=EDGE_CURVE('',#866,#828,#965,.T.);
#786=EDGE_CURVE('',#824,#870,#966,.T.);
#787=EDGE_CURVE('',#905,#827,#967,.T.);
#788=EDGE_CURVE('',#825,#873,#968,.T.);
#789=EDGE_CURVE('',#902,#826,#969,.T.);
#790=EDGE_CURVE('',#912,#807,#970,.T.);
#791=EDGE_CURVE('',#890,#911,#971,.T.);
#792=EDGE_CURVE('',#891,#868,#972,.T.);
#793=EDGE_CURVE('',#863,#806,#973,.T.);
#794=EDGE_CURVE('',#892,#867,#974,.T.);
#795=EDGE_CURVE('',#864,#823,#975,.T.);
#796=EDGE_CURVE('',#893,#904,#976,.T.);
#797=EDGE_CURVE('',#915,#822,#977,.T.);
#798=EDGE_CURVE('',#894,#903,#978,.T.);
#799=EDGE_CURVE('',#916,#901,#979,.T.);
#800=EDGE_CURVE('',#895,#872,#980,.T.);
#801=EDGE_CURVE('',#887,#900,#981,.T.);
#802=EDGE_CURVE('',#896,#871,#982,.T.);
#803=EDGE_CURVE('',#888,#899,#983,.T.);
#804=EDGE_CURVE('',#897,#908,#984,.T.);
#805=EDGE_CURVE('',#907,#898,#985,.T.);
#806=VERTEX_POINT('',#1698);
#807=VERTEX_POINT('',#1699);
#808=VERTEX_POINT('',#1701);
#809=VERTEX_POINT('',#1706);
#810=VERTEX_POINT('',#1708);
#811=VERTEX_POINT('',#1713);
#812=VERTEX_POINT('',#1718);
#813=VERTEX_POINT('',#1723);
#814=VERTEX_POINT('',#1728);
#815=VERTEX_POINT('',#1733);
#816=VERTEX_POINT('',#1738);
#817=VERTEX_POINT('',#1743);
#818=VERTEX_POINT('',#1748);
#819=VERTEX_POINT('',#1753);
#820=VERTEX_POINT('',#1755);
#821=VERTEX_POINT('',#1760);
#822=VERTEX_POINT('',#1762);
#823=VERTEX_POINT('',#1764);
#824=VERTEX_POINT('',#1768);
#825=VERTEX_POINT('',#1769);
#826=VERTEX_POINT('',#1771);
#827=VERTEX_POINT('',#1773);
#828=VERTEX_POINT('',#1775);
#829=VERTEX_POINT('',#1777);
#830=VERTEX_POINT('',#1779);
#831=VERTEX_POINT('',#1781);
#832=VERTEX_POINT('',#1783);
#833=VERTEX_POINT('',#1785);
#834=VERTEX_POINT('',#1787);
#835=VERTEX_POINT('',#1789);
#836=VERTEX_POINT('',#1791);
#837=VERTEX_POINT('',#1793);
#838=VERTEX_POINT('',#1795);
#839=VERTEX_POINT('',#1797);
#840=VERTEX_POINT('',#1800);
#841=VERTEX_POINT('',#1802);
#842=VERTEX_POINT('',#1815);
#843=VERTEX_POINT('',#1816);
#844=VERTEX_POINT('',#1821);
#845=VERTEX_POINT('',#1823);
#846=VERTEX_POINT('',#1828);
#847=VERTEX_POINT('',#1848);
#848=VERTEX_POINT('',#1855);
#849=VERTEX_POINT('',#1869);
#850=VERTEX_POINT('',#1883);
#851=VERTEX_POINT('',#1884);
#852=VERTEX_POINT('',#1889);
#853=VERTEX_POINT('',#1910);
#854=VERTEX_POINT('',#1912);
#855=VERTEX_POINT('',#1929);
#856=VERTEX_POINT('',#1934);
#857=VERTEX_POINT('',#1936);
#858=VERTEX_POINT('',#1953);
#859=VERTEX_POINT('',#1954);
#860=VERTEX_POINT('',#1956);
#861=VERTEX_POINT('',#1961);
#862=VERTEX_POINT('',#1965);
#863=VERTEX_POINT('',#1966);
#864=VERTEX_POINT('',#1968);
#865=VERTEX_POINT('',#1970);
#866=VERTEX_POINT('',#1974);
#867=VERTEX_POINT('',#1975);
#868=VERTEX_POINT('',#1977);
#869=VERTEX_POINT('',#1979);
#870=VERTEX_POINT('',#1983);
#871=VERTEX_POINT('',#1984);
#872=VERTEX_POINT('',#1986);
#873=VERTEX_POINT('',#1988);
#874=VERTEX_POINT('',#2002);
#875=VERTEX_POINT('',#2004);
#876=VERTEX_POINT('',#2037);
#877=VERTEX_POINT('',#2039);
#878=VERTEX_POINT('',#2072);
#879=VERTEX_POINT('',#2086);
#880=VERTEX_POINT('',#2100);
#881=VERTEX_POINT('',#2114);
#882=VERTEX_POINT('',#2128);
#883=VERTEX_POINT('',#2142);
#884=VERTEX_POINT('',#2158);
#885=VERTEX_POINT('',#2161);
#886=VERTEX_POINT('',#2164);
#887=VERTEX_POINT('',#2165);
#888=VERTEX_POINT('',#2167);
#889=VERTEX_POINT('',#2169);
#890=VERTEX_POINT('',#2173);
#891=VERTEX_POINT('',#2175);
#892=VERTEX_POINT('',#2177);
#893=VERTEX_POINT('',#2179);
#894=VERTEX_POINT('',#2181);
#895=VERTEX_POINT('',#2183);
#896=VERTEX_POINT('',#2185);
#897=VERTEX_POINT('',#2187);
#898=VERTEX_POINT('',#2189);
#899=VERTEX_POINT('',#2191);
#900=VERTEX_POINT('',#2193);
#901=VERTEX_POINT('',#2195);
#902=VERTEX_POINT('',#2200);
#903=VERTEX_POINT('',#2201);
#904=VERTEX_POINT('',#2203);
#905=VERTEX_POINT('',#2205);
#906=VERTEX_POINT('',#2209);
#907=VERTEX_POINT('',#2210);
#908=VERTEX_POINT('',#2212);
#909=VERTEX_POINT('',#2214);
#910=VERTEX_POINT('',#2230);
#911=VERTEX_POINT('',#2231);
#912=VERTEX_POINT('',#2233);
#913=VERTEX_POINT('',#2235);
#914=VERTEX_POINT('',#2245);
#915=VERTEX_POINT('',#2246);
#916=VERTEX_POINT('',#2248);
#917=VERTEX_POINT('',#2250);
#918=CIRCLE('',#1248,0.000737464743247649);
#919=CIRCLE('',#1249,0.000737460506338833);
#920=CIRCLE('',#1251,0.0099642789784083);
#921=CIRCLE('',#1252,0.0099642789784083);
#922=CIRCLE('',#1253,0.000254622030773031);
#923=CIRCLE('',#1254,0.000254622030773031);
#924=CIRCLE('',#1255,0.000254617793864214);
#925=CIRCLE('',#1256,0.000254617793864214);
#926=CIRCLE('',#1257,0.0099642789784083);
#927=CIRCLE('',#1258,0.0099642789784083);
#928=CIRCLE('',#1259,0.00145);
#929=CIRCLE('',#1260,0.00145);
#930=CIRCLE('',#1267,0.00145);
#931=CIRCLE('',#1269,0.00145);
#932=CIRCLE('',#1272,0.000737464743247649);
#933=CIRCLE('',#1273,0.0104471216908829);
#934=CIRCLE('',#1274,0.0104471216908829);
#935=CIRCLE('',#1275,0.0104471216908829);
#936=CIRCLE('',#1276,0.0104471216908829);
#937=CIRCLE('',#1277,0.000737460506338833);
#938=CIRCLE('',#1282,0.0121370711845441);
#939=CIRCLE('',#1283,0.0121370711845441);
#940=CIRCLE('',#1285,0.0121370711845441);
#941=CIRCLE('',#1286,0.0121370711845441);
#942=CIRCLE('',#1288,0.0121370711845441);
#943=CIRCLE('',#1289,0.0121370711845441);
#944=CIRCLE('',#1291,0.0121370711845441);
#945=CIRCLE('',#1292,0.0121370711845441);
#946=CIRCLE('',#1295,0.00242741423690882);
#947=CIRCLE('',#1296,0.00242741423690882);
#948=CIRCLE('',#1298,0.00242741423690882);
#949=CIRCLE('',#1299,0.00242741423690882);
#950=CIRCLE('',#1302,0.00242741);
#951=CIRCLE('',#1303,0.00242741);
#952=CIRCLE('',#1305,0.00242741);
#953=CIRCLE('',#1306,0.00242741);
#954=CIRCLE('',#1308,0.00217279220613578);
#955=CIRCLE('',#1309,0.00217279220613578);
#956=CIRCLE('',#1311,0.00217279220613578);
#957=CIRCLE('',#1313,0.00217279220613578);
#958=CIRCLE('',#1315,0.00217279220613578);
#959=CIRCLE('',#1317,0.00217279220613578);
#960=CIRCLE('',#1319,0.00217279220613578);
#961=CIRCLE('',#1321,0.00217279220613578);
#962=CIRCLE('',#1323,0.00217279220613578);
#963=CIRCLE('',#1325,0.00217279220613578);
#964=CIRCLE('',#1327,0.00217279220613578);
#965=CIRCLE('',#1329,0.00217279220613578);
#966=CIRCLE('',#1331,0.00217279220613578);
#967=CIRCLE('',#1333,0.00217279220613578);
#968=CIRCLE('',#1335,0.00217279220613578);
#969=CIRCLE('',#1337,0.00217279220613578);
#970=CIRCLE('',#1340,0.00168994949366116);
#971=CIRCLE('',#1341,0.00168994949366116);
#972=CIRCLE('',#1343,0.00168994949366116);
#973=CIRCLE('',#1345,0.00168994949366116);
#974=CIRCLE('',#1347,0.00168994949366116);
#975=CIRCLE('',#1349,0.00168994949366116);
#976=CIRCLE('',#1351,0.00168994949366116);
#977=CIRCLE('',#1353,0.00168994949366116);
#978=CIRCLE('',#1355,0.00168994949366116);
#979=CIRCLE('',#1357,0.00168994949366116);
#980=CIRCLE('',#1359,0.00168994949366116);
#981=CIRCLE('',#1361,0.00168994949366116);
#982=CIRCLE('',#1363,0.00168994949366116);
#983=CIRCLE('',#1365,0.00168994949366116);
#984=CIRCLE('',#1367,0.00168994949366116);
#985=CIRCLE('',#1369,0.00168994949366116);
#986=EDGE_LOOP('',(#260,#261,#262,#263,#264,#265,#266,#267,#268,#269,#270,
#271,#272,#273,#274,#275,#276,#277));
#987=EDGE_LOOP('',(#278,#279,#280,#281,#282,#283,#284,#285,#286,#287,#288,
#289,#290,#291,#292,#293));
#988=EDGE_LOOP('',(#294));
#989=EDGE_LOOP('',(#295));
#990=EDGE_LOOP('',(#296,#297,#298,#299,#300));
#991=EDGE_LOOP('',(#301,#302,#303,#304,#305));
#992=EDGE_LOOP('',(#306,#307,#308,#309));
#993=EDGE_LOOP('',(#310,#311,#312,#313));
#994=EDGE_LOOP('',(#314,#315,#316,#317));
#995=EDGE_LOOP('',(#318,#319,#320,#321));
#996=EDGE_LOOP('',(#322,#323,#324,#325,#326));
#997=EDGE_LOOP('',(#327,#328,#329,#330,#331));
#998=EDGE_LOOP('',(#332,#333,#334,#335));
#999=EDGE_LOOP('',(#336,#337,#338,#339));
#1000=EDGE_LOOP('',(#340,#341,#342,#343));
#1001=EDGE_LOOP('',(#344,#345,#346,#347));
#1002=EDGE_LOOP('',(#348,#349,#350,#351));
#1003=EDGE_LOOP('',(#352,#353,#354,#355));
#1004=EDGE_LOOP('',(#356,#357,#358,#359));
#1005=EDGE_LOOP('',(#360,#361,#362,#363));
#1006=EDGE_LOOP('',(#364,#365,#366,#367));
#1007=EDGE_LOOP('',(#368,#369,#370,#371));
#1008=EDGE_LOOP('',(#372,#373,#374,#375));
#1009=EDGE_LOOP('',(#376,#377,#378,#379));
#1010=EDGE_LOOP('',(#380,#381,#382,#383));
#1011=EDGE_LOOP('',(#384,#385,#386,#387));
#1012=EDGE_LOOP('',(#388,#389,#390,#391));
#1013=EDGE_LOOP('',(#392));
#1014=EDGE_LOOP('',(#393));
#1015=EDGE_LOOP('',(#394));
#1016=EDGE_LOOP('',(#395));
#1017=EDGE_LOOP('',(#396,#397,#398,#399));
#1018=EDGE_LOOP('',(#400,#401,#402,#403,#404,#405,#406,#407,#408,#409,#410,
#411,#412,#413,#414,#415,#416,#417,#418,#419));
#1019=EDGE_LOOP('',(#420));
#1020=EDGE_LOOP('',(#421));
#1021=EDGE_LOOP('',(#422,#423,#424,#425,#426,#427,#428,#429,#430,#431,#432,
#433,#434,#435,#436,#437,#438,#439,#440,#441));
#1022=EDGE_LOOP('',(#442,#443,#444,#445));
#1023=EDGE_LOOP('',(#446,#447,#448,#449));
#1024=EDGE_LOOP('',(#450,#451,#452,#453));
#1025=EDGE_LOOP('',(#454,#455,#456,#457));
#1026=EDGE_LOOP('',(#458,#459,#460,#461));
#1027=EDGE_LOOP('',(#462,#463,#464,#465));
#1028=EDGE_LOOP('',(#466,#467,#468,#469));
#1029=EDGE_LOOP('',(#470,#471,#472,#473));
#1030=EDGE_LOOP('',(#474,#475,#476,#477));
#1031=EDGE_LOOP('',(#478,#479,#480,#481));
#1032=EDGE_LOOP('',(#482,#483,#484,#485));
#1033=EDGE_LOOP('',(#486,#487,#488,#489));
#1034=EDGE_LOOP('',(#490,#491,#492,#493));
#1035=EDGE_LOOP('',(#494,#495,#496,#497));
#1036=EDGE_LOOP('',(#498,#499,#500,#501));
#1037=EDGE_LOOP('',(#502,#503,#504,#505));
#1038=EDGE_LOOP('',(#506,#507,#508,#509));
#1039=EDGE_LOOP('',(#510,#511,#512,#513));
#1040=EDGE_LOOP('',(#514,#515,#516,#517));
#1041=EDGE_LOOP('',(#518,#519,#520,#521));
#1042=EDGE_LOOP('',(#522,#523,#524,#525));
#1043=EDGE_LOOP('',(#526,#527,#528,#529));
#1044=EDGE_LOOP('',(#530,#531,#532,#533));
#1045=EDGE_LOOP('',(#534,#535,#536,#537));
#1046=EDGE_LOOP('',(#538,#539,#540,#541));
#1047=EDGE_LOOP('',(#542,#543,#544,#545));
#1048=EDGE_LOOP('',(#546,#547,#548,#549));
#1049=EDGE_LOOP('',(#550,#551,#552,#553));
#1050=EDGE_LOOP('',(#554,#555,#556,#557,#558,#559,#560));
#1051=EDGE_LOOP('',(#561,#562,#563,#564));
#1052=EDGE_LOOP('',(#565,#566,#567,#568));
#1053=EDGE_LOOP('',(#569,#570,#571,#572));
#1054=EDGE_LOOP('',(#573,#574,#575,#576));
#1055=EDGE_LOOP('',(#577,#578,#579,#580));
#1056=EDGE_LOOP('',(#581,#582,#583,#584));
#1057=EDGE_LOOP('',(#585,#586,#587,#588));
#1058=EDGE_LOOP('',(#589,#590,#591,#592,#593,#594,#595));
#1059=EDGE_LOOP('',(#596,#597,#598,#599));
#1060=EDGE_LOOP('',(#600,#601,#602,#603));
#1061=EDGE_LOOP('',(#604,#605,#606,#607));
#1062=EDGE_LOOP('',(#608,#609,#610,#611));
#1063=EDGE_LOOP('',(#612,#613,#614,#615));
#1064=EDGE_LOOP('',(#616,#617,#618,#619));
#1065=EDGE_LOOP('',(#620,#621,#622,#623));
#1066=FACE_BOUND('',#986,.T.);
#1067=FACE_BOUND('',#987,.T.);
#1068=FACE_BOUND('',#988,.T.);
#1069=FACE_BOUND('',#989,.T.);
#1070=FACE_BOUND('',#990,.T.);
#1071=FACE_BOUND('',#991,.T.);
#1072=FACE_BOUND('',#992,.T.);
#1073=FACE_BOUND('',#993,.T.);
#1074=FACE_BOUND('',#994,.T.);
#1075=FACE_BOUND('',#995,.T.);
#1076=FACE_BOUND('',#996,.T.);
#1077=FACE_BOUND('',#997,.T.);
#1078=FACE_BOUND('',#998,.T.);
#1079=FACE_BOUND('',#999,.T.);
#1080=FACE_BOUND('',#1000,.T.);
#1081=FACE_BOUND('',#1001,.T.);
#1082=FACE_BOUND('',#1002,.T.);
#1083=FACE_BOUND('',#1003,.T.);
#1084=FACE_BOUND('',#1004,.T.);
#1085=FACE_BOUND('',#1005,.T.);
#1086=FACE_BOUND('',#1006,.T.);
#1087=FACE_BOUND('',#1007,.T.);
#1088=FACE_BOUND('',#1008,.T.);
#1089=FACE_BOUND('',#1009,.T.);
#1090=FACE_BOUND('',#1010,.T.);
#1091=FACE_BOUND('',#1011,.T.);
#1092=FACE_BOUND('',#1012,.T.);
#1093=FACE_BOUND('',#1013,.T.);
#1094=FACE_BOUND('',#1014,.T.);
#1095=FACE_BOUND('',#1015,.T.);
#1096=FACE_BOUND('',#1016,.T.);
#1097=FACE_BOUND('',#1017,.T.);
#1098=FACE_BOUND('',#1018,.T.);
#1099=FACE_BOUND('',#1019,.T.);
#1100=FACE_BOUND('',#1020,.T.);
#1101=FACE_BOUND('',#1021,.T.);
#1102=FACE_BOUND('',#1022,.T.);
#1103=FACE_BOUND('',#1023,.T.);
#1104=FACE_BOUND('',#1024,.T.);
#1105=FACE_BOUND('',#1025,.T.);
#1106=FACE_BOUND('',#1026,.T.);
#1107=FACE_BOUND('',#1027,.T.);
#1108=FACE_BOUND('',#1028,.T.);
#1109=FACE_BOUND('',#1029,.T.);
#1110=FACE_BOUND('',#1030,.T.);
#1111=FACE_BOUND('',#1031,.T.);
#1112=FACE_BOUND('',#1032,.T.);
#1113=FACE_BOUND('',#1033,.T.);
#1114=FACE_BOUND('',#1034,.T.);
#1115=FACE_BOUND('',#1035,.T.);
#1116=FACE_BOUND('',#1036,.T.);
#1117=FACE_BOUND('',#1037,.T.);
#1118=FACE_BOUND('',#1038,.T.);
#1119=FACE_BOUND('',#1039,.T.);
#1120=FACE_BOUND('',#1040,.T.);
#1121=FACE_BOUND('',#1041,.T.);
#1122=FACE_BOUND('',#1042,.T.);
#1123=FACE_BOUND('',#1043,.T.);
#1124=FACE_BOUND('',#1044,.T.);
#1125=FACE_BOUND('',#1045,.T.);
#1126=FACE_BOUND('',#1046,.T.);
#1127=FACE_BOUND('',#1047,.T.);
#1128=FACE_BOUND('',#1048,.T.);
#1129=FACE_BOUND('',#1049,.T.);
#1130=FACE_BOUND('',#1050,.T.);
#1131=FACE_BOUND('',#1051,.T.);
#1132=FACE_BOUND('',#1052,.T.);
#1133=FACE_BOUND('',#1053,.T.);
#1134=FACE_BOUND('',#1054,.T.);
#1135=FACE_BOUND('',#1055,.T.);
#1136=FACE_BOUND('',#1056,.T.);
#1137=FACE_BOUND('',#1057,.T.);
#1138=FACE_BOUND('',#1058,.T.);
#1139=FACE_BOUND('',#1059,.T.);
#1140=FACE_BOUND('',#1060,.T.);
#1141=FACE_BOUND('',#1061,.T.);
#1142=FACE_BOUND('',#1062,.T.);
#1143=FACE_BOUND('',#1063,.T.);
#1144=FACE_BOUND('',#1064,.T.);
#1145=FACE_BOUND('',#1065,.T.);
#1146=PLANE('',#1247);
#1147=PLANE('',#1250);
#1148=PLANE('',#1261);
#1149=PLANE('',#1262);
#1150=PLANE('',#1263);
#1151=PLANE('',#1264);
#1152=PLANE('',#1265);
#1153=PLANE('',#1270);
#1154=PLANE('',#1271);
#1155=PLANE('',#1278);
#1156=PLANE('',#1279);
#1157=PLANE('',#1280);
#1158=PLANE('',#1293);
#1159=PLANE('',#1300);
#1160=ADVANCED_FACE('',(#1066),#1146,.T.);
#1161=ADVANCED_FACE('',(#1067,#1068,#1069),#1147,.F.);
#1162=ADVANCED_FACE('',(#1070),#54,.T.);
#1163=ADVANCED_FACE('',(#1071),#55,.T.);
#1164=ADVANCED_FACE('',(#1072),#1148,.T.);
#1165=ADVANCED_FACE('',(#1073),#56,.T.);
#1166=ADVANCED_FACE('',(#1074),#57,.T.);
#1167=ADVANCED_FACE('',(#1075),#1149,.T.);
#1168=ADVANCED_FACE('',(#1076),#58,.T.);
#1169=ADVANCED_FACE('',(#1077),#59,.T.);
#1170=ADVANCED_FACE('',(#1078),#60,.T.);
#1171=ADVANCED_FACE('',(#1079),#1150,.T.);
#1172=ADVANCED_FACE('',(#1080),#1151,.F.);
#1173=ADVANCED_FACE('',(#1081),#1152,.F.);
#1174=ADVANCED_FACE('',(#1082),#61,.T.);
#1175=ADVANCED_FACE('',(#1083),#62,.T.);
#1176=ADVANCED_FACE('',(#1084),#63,.T.);
#1177=ADVANCED_FACE('',(#1085),#64,.T.);
#1178=ADVANCED_FACE('',(#1086),#65,.T.);
#1179=ADVANCED_FACE('',(#1087),#66,.T.);
#1180=ADVANCED_FACE('',(#1088),#67,.T.);
#1181=ADVANCED_FACE('',(#1089),#68,.T.);
#1182=ADVANCED_FACE('',(#1090),#69,.T.);
#1183=ADVANCED_FACE('',(#1091),#70,.T.);
#1184=ADVANCED_FACE('',(#1092),#71,.T.);
#1185=ADVANCED_FACE('',(#1093,#1094),#28,.F.);
#1186=ADVANCED_FACE('',(#1095,#1096),#29,.F.);
#1187=ADVANCED_FACE('',(#1097),#1153,.T.);
#1188=ADVANCED_FACE('',(#1098,#1099,#1100),#1154,.T.);
#1189=ADVANCED_FACE('',(#1101),#1155,.T.);
#1190=ADVANCED_FACE('',(#1102),#1156,.F.);
#1191=ADVANCED_FACE('',(#1103),#1157,.T.);
#1192=ADVANCED_FACE('',(#1104),#30,.T.);
#1193=ADVANCED_FACE('',(#1105),#31,.T.);
#1194=ADVANCED_FACE('',(#1106),#32,.T.);
#1195=ADVANCED_FACE('',(#1107),#33,.T.);
#1196=ADVANCED_FACE('',(#1108),#1158,.T.);
#1197=ADVANCED_FACE('',(#1109),#34,.T.);
#1198=ADVANCED_FACE('',(#1110),#35,.T.);
#1199=ADVANCED_FACE('',(#1111),#1159,.F.);
#1200=ADVANCED_FACE('',(#1112),#36,.T.);
#1201=ADVANCED_FACE('',(#1113),#37,.T.);
#1202=ADVANCED_FACE('',(#1114),#20,.T.);
#1203=ADVANCED_FACE('',(#1115),#38,.T.);
#1204=ADVANCED_FACE('',(#1116),#39,.T.);
#1205=ADVANCED_FACE('',(#1117),#21,.T.);
#1206=ADVANCED_FACE('',(#1118),#22,.T.);
#1207=ADVANCED_FACE('',(#1119),#40,.T.);
#1208=ADVANCED_FACE('',(#1120),#41,.T.);
#1209=ADVANCED_FACE('',(#1121),#12,.T.);
#1210=ADVANCED_FACE('',(#1122),#23,.T.);
#1211=ADVANCED_FACE('',(#1123),#42,.T.);
#1212=ADVANCED_FACE('',(#1124),#43,.T.);
#1213=ADVANCED_FACE('',(#1125),#13,.T.);
#1214=ADVANCED_FACE('',(#1126),#14,.T.);
#1215=ADVANCED_FACE('',(#1127),#44,.T.);
#1216=ADVANCED_FACE('',(#1128),#45,.T.);
#1217=ADVANCED_FACE('',(#1129),#15,.T.);
#1218=ADVANCED_FACE('',(#1130),#46,.T.);
#1219=ADVANCED_FACE('',(#1131),#24,.T.);
#1220=ADVANCED_FACE('',(#1132),#25,.T.);
#1221=ADVANCED_FACE('',(#1133),#47,.T.);
#1222=ADVANCED_FACE('',(#1134),#48,.T.);
#1223=ADVANCED_FACE('',(#1135),#16,.T.);
#1224=ADVANCED_FACE('',(#1136),#26,.T.);
#1225=ADVANCED_FACE('',(#1137),#49,.T.);
#1226=ADVANCED_FACE('',(#1138),#50,.T.);
#1227=ADVANCED_FACE('',(#1139),#17,.T.);
#1228=ADVANCED_FACE('',(#1140),#27,.T.);
#1229=ADVANCED_FACE('',(#1141),#51,.T.);
#1230=ADVANCED_FACE('',(#1142),#52,.T.);
#1231=ADVANCED_FACE('',(#1143),#18,.T.);
#1232=ADVANCED_FACE('',(#1144),#19,.T.);
#1233=ADVANCED_FACE('',(#1145),#53,.T.);
#1234=CLOSED_SHELL('',(#1160,#1161,#1162,#1163,#1164,#1165,#1166,#1167,
#1168,#1169,#1170,#1171,#1172,#1173,#1174,#1175,#1176,#1177,#1178,#1179,
#1180,#1181,#1182,#1183,#1184,#1185,#1186,#1187,#1188,#1189,#1190,#1191,
#1192,#1193,#1194,#1195,#1196,#1197,#1198,#1199,#1200,#1201,#1202,#1203,
#1204,#1205,#1206,#1207,#1208,#1209,#1210,#1211,#1212,#1213,#1214,#1215,
#1216,#1217,#1218,#1219,#1220,#1221,#1222,#1223,#1224,#1225,#1226,#1227,
#1228,#1229,#1230,#1231,#1232,#1233));
#1235=STYLED_ITEM('',(#1236),#1243);
#1236=PRESENTATION_STYLE_ASSIGNMENT((#1237));
#1237=SURFACE_STYLE_USAGE(.BOTH.,#1238);
#1238=SURFACE_SIDE_STYLE('',(#1239));
#1239=SURFACE_STYLE_FILL_AREA(#1240);
#1240=FILL_AREA_STYLE('',(#1241));
#1241=FILL_AREA_STYLE_COLOUR('',#1242);
#1242=DRAUGHTING_PRE_DEFINED_COLOUR('black');
#1243=MANIFOLD_SOLID_BREP('Part 1',#1234);
#1244=SHAPE_DEFINITION_REPRESENTATION(#2328,#1245);
#1245=SHAPE_REPRESENTATION('Part 1',(#1246),#2323);
#1246=AXIS2_PLACEMENT_3D('',#1695,#1371,#1372);
#1247=AXIS2_PLACEMENT_3D('',#1696,#1373,#1374);
#1248=AXIS2_PLACEMENT_3D('',#1697,#1375,#1376);
#1249=AXIS2_PLACEMENT_3D('',#1763,#1381,#1382);
#1250=AXIS2_PLACEMENT_3D('',#1766,#1384,#1385);
#1251=AXIS2_PLACEMENT_3D('',#1770,#1387,#1388);
#1252=AXIS2_PLACEMENT_3D('',#1774,#1390,#1391);
#1253=AXIS2_PLACEMENT_3D('',#1778,#1393,#1394);
#1254=AXIS2_PLACEMENT_3D('',#1782,#1396,#1397);
#1255=AXIS2_PLACEMENT_3D('',#1786,#1399,#1400);
#1256=AXIS2_PLACEMENT_3D('',#1790,#1402,#1403);
#1257=AXIS2_PLACEMENT_3D('',#1794,#1405,#1406);
#1258=AXIS2_PLACEMENT_3D('',#1798,#1408,#1409);
#1259=AXIS2_PLACEMENT_3D('',#1799,#1410,#1411);
#1260=AXIS2_PLACEMENT_3D('',#1801,#1412,#1413);
#1261=AXIS2_PLACEMENT_3D('',#1853,#1417,#1418);
#1262=AXIS2_PLACEMENT_3D('',#1887,#1424,#1425);
#1263=AXIS2_PLACEMENT_3D('',#1963,#1432,#1433);
#1264=AXIS2_PLACEMENT_3D('',#1972,#1438,#1439);
#1265=AXIS2_PLACEMENT_3D('',#1981,#1444,#1445);
#1266=AXIS2_PLACEMENT_3D('',#2156,#1458,#1459);
#1267=AXIS2_PLACEMENT_3D('',#2157,#1460,#1461);
#1268=AXIS2_PLACEMENT_3D('',#2159,#1462,#1463);
#1269=AXIS2_PLACEMENT_3D('',#2160,#1464,#1465);
#1270=AXIS2_PLACEMENT_3D('',#2162,#1466,#1467);
#1271=AXIS2_PLACEMENT_3D('',#2171,#1472,#1473);
#1272=AXIS2_PLACEMENT_3D('',#2174,#1475,#1476);
#1273=AXIS2_PLACEMENT_3D('',#2178,#1478,#1479);
#1274=AXIS2_PLACEMENT_3D('',#2182,#1481,#1482);
#1275=AXIS2_PLACEMENT_3D('',#2186,#1484,#1485);
#1276=AXIS2_PLACEMENT_3D('',#2190,#1487,#1488);
#1277=AXIS2_PLACEMENT_3D('',#2194,#1490,#1491);
#1278=AXIS2_PLACEMENT_3D('',#2197,#1493,#1494);
#1279=AXIS2_PLACEMENT_3D('',#2198,#1495,#1496);
#1280=AXIS2_PLACEMENT_3D('',#2207,#1501,#1502);
#1281=AXIS2_PLACEMENT_3D('',#2216,#1507,#1508);
#1282=AXIS2_PLACEMENT_3D('',#2217,#1509,#1510);
#1283=AXIS2_PLACEMENT_3D('',#2218,#1511,#1512);
#1284=AXIS2_PLACEMENT_3D('',#2219,#1513,#1514);
#1285=AXIS2_PLACEMENT_3D('',#2220,#1515,#1516);
#1286=AXIS2_PLACEMENT_3D('',#2221,#1517,#1518);
#1287=AXIS2_PLACEMENT_3D('',#2222,#1519,#1520);
#1288=AXIS2_PLACEMENT_3D('',#2223,#1521,#1522);
#1289=AXIS2_PLACEMENT_3D('',#2224,#1523,#1524);
#1290=AXIS2_PLACEMENT_3D('',#2225,#1525,#1526);
#1291=AXIS2_PLACEMENT_3D('',#2226,#1527,#1528);
#1292=AXIS2_PLACEMENT_3D('',#2227,#1529,#1530);
#1293=AXIS2_PLACEMENT_3D('',#2228,#1531,#1532);
#1294=AXIS2_PLACEMENT_3D('',#2237,#1537,#1538);
#1295=AXIS2_PLACEMENT_3D('',#2238,#1539,#1540);
#1296=AXIS2_PLACEMENT_3D('',#2239,#1541,#1542);
#1297=AXIS2_PLACEMENT_3D('',#2240,#1543,#1544);
#1298=AXIS2_PLACEMENT_3D('',#2241,#1545,#1546);
#1299=AXIS2_PLACEMENT_3D('',#2242,#1547,#1548);
#1300=AXIS2_PLACEMENT_3D('',#2243,#1549,#1550);
#1301=AXIS2_PLACEMENT_3D('',#2252,#1555,#1556);
#1302=AXIS2_PLACEMENT_3D('',#2253,#1557,#1558);
#1303=AXIS2_PLACEMENT_3D('',#2254,#1559,#1560);
#1304=AXIS2_PLACEMENT_3D('',#2255,#1561,#1562);
#1305=AXIS2_PLACEMENT_3D('',#2256,#1563,#1564);
#1306=AXIS2_PLACEMENT_3D('',#2257,#1565,#1566);
#1307=AXIS2_PLACEMENT_3D('',#2258,#1567,#1568);
#1308=AXIS2_PLACEMENT_3D('',#2259,#1569,#1570);
#1309=AXIS2_PLACEMENT_3D('',#2260,#1571,#1572);
#1310=AXIS2_PLACEMENT_3D('',#2261,#1573,#1574);
#1311=AXIS2_PLACEMENT_3D('',#2262,#1575,#1576);
#1312=AXIS2_PLACEMENT_3D('',#2263,#1577,#1578);
#1313=AXIS2_PLACEMENT_3D('',#2264,#1579,#1580);
#1314=AXIS2_PLACEMENT_3D('',#2265,#1581,#1582);
#1315=AXIS2_PLACEMENT_3D('',#2266,#1583,#1584);
#1316=AXIS2_PLACEMENT_3D('',#2267,#1585,#1586);
#1317=AXIS2_PLACEMENT_3D('',#2268,#1587,#1588);
#1318=AXIS2_PLACEMENT_3D('',#2269,#1589,#1590);
#1319=AXIS2_PLACEMENT_3D('',#2270,#1591,#1592);
#1320=AXIS2_PLACEMENT_3D('',#2271,#1593,#1594);
#1321=AXIS2_PLACEMENT_3D('',#2272,#1595,#1596);
#1322=AXIS2_PLACEMENT_3D('',#2273,#1597,#1598);
#1323=AXIS2_PLACEMENT_3D('',#2274,#1599,#1600);
#1324=AXIS2_PLACEMENT_3D('',#2275,#1601,#1602);
#1325=AXIS2_PLACEMENT_3D('',#2276,#1603,#1604);
#1326=AXIS2_PLACEMENT_3D('',#2277,#1605,#1606);
#1327=AXIS2_PLACEMENT_3D('',#2278,#1607,#1608);
#1328=AXIS2_PLACEMENT_3D('',#2279,#1609,#1610);
#1329=AXIS2_PLACEMENT_3D('',#2280,#1611,#1612);
#1330=AXIS2_PLACEMENT_3D('',#2281,#1613,#1614);
#1331=AXIS2_PLACEMENT_3D('',#2282,#1615,#1616);
#1332=AXIS2_PLACEMENT_3D('',#2283,#1617,#1618);
#1333=AXIS2_PLACEMENT_3D('',#2284,#1619,#1620);
#1334=AXIS2_PLACEMENT_3D('',#2285,#1621,#1622);
#1335=AXIS2_PLACEMENT_3D('',#2286,#1623,#1624);
#1336=AXIS2_PLACEMENT_3D('',#2287,#1625,#1626);
#1337=AXIS2_PLACEMENT_3D('',#2288,#1627,#1628);
#1338=AXIS2_PLACEMENT_3D('',#2289,#1629,#1630);
#1339=AXIS2_PLACEMENT_3D('',#2290,#1631,#1632);
#1340=AXIS2_PLACEMENT_3D('',#2291,#1633,#1634);
#1341=AXIS2_PLACEMENT_3D('',#2292,#1635,#1636);
#1342=AXIS2_PLACEMENT_3D('',#2293,#1637,#1638);
#1343=AXIS2_PLACEMENT_3D('',#2294,#1639,#1640);
#1344=AXIS2_PLACEMENT_3D('',#2295,#1641,#1642);
#1345=AXIS2_PLACEMENT_3D('',#2296,#1643,#1644);
#1346=AXIS2_PLACEMENT_3D('',#2297,#1645,#1646);
#1347=AXIS2_PLACEMENT_3D('',#2298,#1647,#1648);
#1348=AXIS2_PLACEMENT_3D('',#2299,#1649,#1650);
#1349=AXIS2_PLACEMENT_3D('',#2300,#1651,#1652);
#1350=AXIS2_PLACEMENT_3D('',#2301,#1653,#1654);
#1351=AXIS2_PLACEMENT_3D('',#2302,#1655,#1656);
#1352=AXIS2_PLACEMENT_3D('',#2303,#1657,#1658);
#1353=AXIS2_PLACEMENT_3D('',#2304,#1659,#1660);
#1354=AXIS2_PLACEMENT_3D('',#2305,#1661,#1662);
#1355=AXIS2_PLACEMENT_3D('',#2306,#1663,#1664);
#1356=AXIS2_PLACEMENT_3D('',#2307,#1665,#1666);
#1357=AXIS2_PLACEMENT_3D('',#2308,#1667,#1668);
#1358=AXIS2_PLACEMENT_3D('',#2309,#1669,#1670);
#1359=AXIS2_PLACEMENT_3D('',#2310,#1671,#1672);
#1360=AXIS2_PLACEMENT_3D('',#2311,#1673,#1674);
#1361=AXIS2_PLACEMENT_3D('',#2312,#1675,#1676);
#1362=AXIS2_PLACEMENT_3D('',#2313,#1677,#1678);
#1363=AXIS2_PLACEMENT_3D('',#2314,#1679,#1680);
#1364=AXIS2_PLACEMENT_3D('',#2315,#1681,#1682);
#1365=AXIS2_PLACEMENT_3D('',#2316,#1683,#1684);
#1366=AXIS2_PLACEMENT_3D('',#2317,#1685,#1686);
#1367=AXIS2_PLACEMENT_3D('',#2318,#1687,#1688);
#1368=AXIS2_PLACEMENT_3D('',#2319,#1689,#1690);
#1369=AXIS2_PLACEMENT_3D('',#2320,#1691,#1692);
#1370=AXIS2_PLACEMENT_3D('',#2321,#1693,#1694);
#1371=DIRECTION('',(0.,0.,1.));
#1372=DIRECTION('',(1.,0.,0.));
#1373=DIRECTION('',(0.,0.,1.));
#1374=DIRECTION('',(1.,0.,0.));
#1375=DIRECTION('',(0.,0.,1.));
#1376=DIRECTION('',(1.,0.,0.));
#1377=DIRECTION('',(-0.707106781186548,-0.707106781186548,0.));
#1378=DIRECTION('',(-1.,2.3533797538512E-12,0.));
#1379=DIRECTION('',(-1.,5.4671053265181E-13,0.));
#1380=DIRECTION('',(0.707106781186548,-0.707106781186548,0.));
#1381=DIRECTION('',(0.,0.,1.));
#1382=DIRECTION('',(1.,0.,0.));
#1383=DIRECTION('',(1.,0.,0.));
#1384=DIRECTION('',(0.,0.,1.));
#1385=DIRECTION('',(1.,0.,0.));
#1386=DIRECTION('',(1.,0.,0.));
#1387=DIRECTION('',(0.,0.,1.));
#1388=DIRECTION('',(1.,0.,0.));
#1389=DIRECTION('',(0.707106781186548,-0.707106781186548,0.));
#1390=DIRECTION('',(0.,0.,1.));
#1391=DIRECTION('',(1.,0.,0.));
#1392=DIRECTION('',(0.,-1.,0.));
#1393=DIRECTION('',(0.,0.,1.));
#1394=DIRECTION('',(1.,0.,0.));
#1395=DIRECTION('',(0.707106781186548,0.707106781186548,0.));
#1396=DIRECTION('',(0.,0.,1.));
#1397=DIRECTION('',(1.,0.,0.));
#1398=DIRECTION('',(1.,0.,0.));
#1399=DIRECTION('',(0.,0.,1.));
#1400=DIRECTION('',(1.,0.,0.));
#1401=DIRECTION('',(-0.707106781186548,0.707106781186548,0.));
#1402=DIRECTION('',(0.,0.,1.));
#1403=DIRECTION('',(1.,0.,0.));
#1404=DIRECTION('',(0.,-1.,0.));
#1405=DIRECTION('',(0.,0.,1.));
#1406=DIRECTION('',(1.,0.,0.));
#1407=DIRECTION('',(-0.707106781186548,-0.707106781186548,0.));
#1408=DIRECTION('',(0.,0.,1.));
#1409=DIRECTION('',(1.,0.,0.));
#1410=DIRECTION('',(0.,0.,1.));
#1411=DIRECTION('',(1.,0.,0.));
#1412=DIRECTION('',(0.,0.,1.));
#1413=DIRECTION('',(1.,0.,0.));
#1414=DIRECTION('',(0.,0.,-1.));
#1415=DIRECTION('',(0.,0.,-1.));
#1416=DIRECTION('',(0.,0.,-1.));
#1417=DIRECTION('',(-5.4671053265181E-13,-1.,0.));
#1418=DIRECTION('',(1.,-5.4671053265181E-13,0.));
#1419=DIRECTION('',(-1.,5.4671053265181E-13,0.));
#1420=DIRECTION('',(0.,0.,-1.));
#1421=DIRECTION('',(0.,0.,-1.));
#1422=DIRECTION('',(0.,0.,-1.));
#1423=DIRECTION('',(0.,0.,-1.));
#1424=DIRECTION('',(-2.3533797538512E-12,-1.,0.));
#1425=DIRECTION('',(1.,-2.3533797538512E-12,0.));
#1426=DIRECTION('',(-1.,2.3533797538512E-12,0.));
#1427=DIRECTION('',(0.,0.,-1.));
#1428=DIRECTION('',(0.,0.,-1.));
#1429=DIRECTION('',(0.,0.,-1.));
#1430=DIRECTION('',(0.,0.,-1.));
#1431=DIRECTION('',(0.,0.,-1.));
#1432=DIRECTION('',(0.,1.,0.));
#1433=DIRECTION('',(0.,0.,1.));
#1434=DIRECTION('',(0.,0.,1.));
#1435=DIRECTION('',(1.,0.,0.));
#1436=DIRECTION('',(0.,0.,1.));
#1437=DIRECTION('',(1.,0.,0.));
#1438=DIRECTION('',(1.,0.,0.));
#1439=DIRECTION('',(0.,0.,-1.));
#1440=DIRECTION('',(0.,0.,-1.));
#1441=DIRECTION('',(0.,-1.,0.));
#1442=DIRECTION('',(0.,0.,-1.));
#1443=DIRECTION('',(0.,-1.,0.));
#1444=DIRECTION('',(0.,1.,0.));
#1445=DIRECTION('',(0.,0.,1.));
#1446=DIRECTION('',(0.,0.,1.));
#1447=DIRECTION('',(1.,0.,0.));
#1448=DIRECTION('',(0.,0.,1.));
#1449=DIRECTION('',(1.,0.,0.));
#1450=DIRECTION('',(0.,0.,-1.));
#1451=DIRECTION('',(0.,0.,-1.));
#1452=DIRECTION('',(0.,0.,-1.));
#1453=DIRECTION('',(0.,0.,-1.));
#1454=DIRECTION('',(0.,0.,-1.));
#1455=DIRECTION('',(0.,0.,-1.));
#1456=DIRECTION('',(0.,0.,-1.));
#1457=DIRECTION('',(0.,0.,-1.));
#1458=DIRECTION('',(0.,0.,-1.));
#1459=DIRECTION('',(-1.,0.,0.));
#1460=DIRECTION('',(0.,0.,1.));
#1461=DIRECTION('',(1.,0.,0.));
#1462=DIRECTION('',(0.,0.,-1.));
#1463=DIRECTION('',(-1.,0.,0.));
#1464=DIRECTION('',(0.,0.,1.));
#1465=DIRECTION('',(1.,0.,0.));
#1466=DIRECTION('',(1.,0.,0.));
#1467=DIRECTION('',(0.,0.,-1.));
#1468=DIRECTION('',(0.,0.,-1.));
#1469=DIRECTION('',(0.,-1.,0.));
#1470=DIRECTION('',(0.,0.,-1.));
#1471=DIRECTION('',(0.,-1.,0.));
#1472=DIRECTION('',(0.,0.,1.));
#1473=DIRECTION('',(1.,0.,0.));
#1474=DIRECTION('',(-0.707106781186548,-0.707106781186548,0.));
#1475=DIRECTION('',(0.,0.,1.));
#1476=DIRECTION('',(1.,0.,0.));
#1477=DIRECTION('',(0.,-1.,0.));
#1478=DIRECTION('',(0.,0.,1.));
#1479=DIRECTION('',(1.,0.,0.));
#1480=DIRECTION('',(-0.707106781186548,0.707106781186548,0.));
#1481=DIRECTION('',(0.,0.,1.));
#1482=DIRECTION('',(1.,0.,0.));
#1483=DIRECTION('',(1.,0.,0.));
#1484=DIRECTION('',(0.,0.,1.));
#1485=DIRECTION('',(1.,0.,0.));
#1486=DIRECTION('',(0.707106781186548,0.707106781186548,0.));
#1487=DIRECTION('',(0.,0.,1.));
#1488=DIRECTION('',(1.,0.,0.));
#1489=DIRECTION('',(0.,-1.,0.));
#1490=DIRECTION('',(0.,0.,1.));
#1491=DIRECTION('',(1.,0.,0.));
#1492=DIRECTION('',(0.707106781186548,-0.707106781186548,0.));
#1493=DIRECTION('',(0.,0.,1.));
#1494=DIRECTION('',(1.,0.,0.));
#1495=DIRECTION('',(0.707106781186548,0.707106781186548,0.));
#1496=DIRECTION('',(0.,0.,-1.));
#1497=DIRECTION('',(0.,0.,-1.));
#1498=DIRECTION('',(0.707106781186548,-0.707106781186548,0.));
#1499=DIRECTION('',(0.,0.,1.));
#1500=DIRECTION('',(-0.707106781186548,0.707106781186548,0.));
#1501=DIRECTION('',(0.707106781186548,-0.707106781186548,0.));
#1502=DIRECTION('',(0.,0.,1.));
#1503=DIRECTION('',(0.,0.,-1.));
#1504=DIRECTION('',(0.707106781186548,0.707106781186548,0.));
#1505=DIRECTION('',(0.,0.,1.));
#1506=DIRECTION('',(-0.707106781186548,-0.707106781186548,0.));
#1507=DIRECTION('',(0.,0.,-1.));
#1508=DIRECTION('',(-1.,0.,0.));
#1509=DIRECTION('',(0.,0.,1.));
#1510=DIRECTION('',(1.,0.,0.));
#1511=DIRECTION('',(0.,0.,1.));
#1512=DIRECTION('',(1.,0.,0.));
#1513=DIRECTION('',(0.,0.,-1.));
#1514=DIRECTION('',(-1.,0.,0.));
#1515=DIRECTION('',(0.,0.,1.));
#1516=DIRECTION('',(1.,0.,0.));
#1517=DIRECTION('',(0.,0.,1.));
#1518=DIRECTION('',(1.,0.,0.));
#1519=DIRECTION('',(0.,0.,1.));
#1520=DIRECTION('',(1.,0.,0.));
#1521=DIRECTION('',(0.,0.,1.));
#1522=DIRECTION('',(1.,0.,0.));
#1523=DIRECTION('',(0.,0.,1.));
#1524=DIRECTION('',(1.,0.,0.));
#1525=DIRECTION('',(0.,0.,-1.));
#1526=DIRECTION('',(-1.,0.,0.));
#1527=DIRECTION('',(0.,0.,1.));
#1528=DIRECTION('',(1.,0.,0.));
#1529=DIRECTION('',(0.,0.,1.));
#1530=DIRECTION('',(1.,0.,0.));
#1531=DIRECTION('',(-0.707106781186548,0.707106781186548,0.));
#1532=DIRECTION('',(0.,0.,1.));
#1533=DIRECTION('',(0.,0.,-1.));
#1534=DIRECTION('',(-0.707106781186548,-0.707106781186548,0.));
#1535=DIRECTION('',(0.,0.,1.));
#1536=DIRECTION('',(0.707106781186548,0.707106781186548,0.));
#1537=DIRECTION('',(0.,0.,1.));
#1538=DIRECTION('',(1.,0.,0.));
#1539=DIRECTION('',(0.,0.,1.));
#1540=DIRECTION('',(1.,0.,0.));
#1541=DIRECTION('',(0.,0.,1.));
#1542=DIRECTION('',(1.,0.,0.));
#1543=DIRECTION('',(0.,0.,1.));
#1544=DIRECTION('',(1.,0.,0.));
#1545=DIRECTION('',(0.,0.,1.));
#1546=DIRECTION('',(1.,0.,0.));
#1547=DIRECTION('',(0.,0.,1.));
#1548=DIRECTION('',(1.,0.,0.));
#1549=DIRECTION('',(-0.707106781186548,-0.707106781186548,0.));
#1550=DIRECTION('',(0.,0.,-1.));
#1551=DIRECTION('',(0.,0.,-1.));
#1552=DIRECTION('',(-0.707106781186548,0.707106781186548,0.));
#1553=DIRECTION('',(0.,0.,1.));
#1554=DIRECTION('',(0.707106781186548,-0.707106781186548,0.));
#1555=DIRECTION('',(0.,0.,-1.));
#1556=DIRECTION('',(-1.,0.,0.));
#1557=DIRECTION('',(0.,0.,1.));
#1558=DIRECTION('',(1.,0.,0.));
#1559=DIRECTION('',(0.,0.,1.));
#1560=DIRECTION('',(1.,0.,0.));
#1561=DIRECTION('',(0.,0.,1.));
#1562=DIRECTION('',(1.,0.,0.));
#1563=DIRECTION('',(0.,0.,1.));
#1564=DIRECTION('',(1.,0.,0.));
#1565=DIRECTION('',(0.,0.,1.));
#1566=DIRECTION('',(1.,0.,0.));
#1567=DIRECTION('',(0.,0.,1.));
#1568=DIRECTION('',(1.,0.,0.));
#1569=DIRECTION('',(-1.,0.,0.));
#1570=DIRECTION('',(0.,0.,1.));
#1571=DIRECTION('',(0.707106781186546,-0.707106781186549,0.));
#1572=DIRECTION('',(0.707106781186549,0.707106781186546,0.));
#1573=DIRECTION('',(0.707106781186548,-0.707106781186548,0.));
#1574=DIRECTION('',(0.707106781186548,0.707106781186548,0.));
#1575=DIRECTION('',(0.707106781186547,-0.707106781186548,0.));
#1576=DIRECTION('',(0.707106781186548,0.707106781186547,0.));
#1577=DIRECTION('',(-1.,0.,0.));
#1578=DIRECTION('',(0.,0.,1.));
#1579=DIRECTION('',(-1.,0.,0.));
#1580=DIRECTION('',(0.,0.,1.));
#1581=DIRECTION('',(0.,0.,1.));
#1582=DIRECTION('',(1.,0.,0.));
#1583=DIRECTION('',(0.,-1.,0.));
#1584=DIRECTION('',(0.,0.,-1.));
#1585=DIRECTION('',(0.,0.,1.));
#1586=DIRECTION('',(1.,0.,0.));
#1587=DIRECTION('',(-0.707106781186549,-0.707106781186546,-1.12908609473357E-15));
#1588=DIRECTION('',(0.707106781186546,-0.707106781186549,0.));
#1589=DIRECTION('',(0.,1.,0.));
#1590=DIRECTION('',(0.,0.,1.));
#1591=DIRECTION('',(0.,-1.,0.));
#1592=DIRECTION('',(0.,0.,-1.));
#1593=DIRECTION('',(-0.707106781186548,-0.707106781186548,0.));
#1594=DIRECTION('',(0.707106781186548,-0.707106781186548,0.));
#1595=DIRECTION('',(-0.707106781186547,-0.707106781186548,1.12908609473357E-15));
#1596=DIRECTION('',(0.707106781186548,-0.707106781186547,0.));
#1597=DIRECTION('',(0.,0.,1.));
#1598=DIRECTION('',(1.,0.,0.));
#1599=DIRECTION('',(-0.707106781186548,-0.707106781186547,0.));
#1600=DIRECTION('',(0.707106781186547,-0.707106781186548,0.));
#1601=DIRECTION('',(0.,0.,1.));
#1602=DIRECTION('',(1.,0.,0.));
#1603=DIRECTION('',(0.,-1.,0.));
#1604=DIRECTION('',(0.,0.,-1.));
#1605=DIRECTION('',(0.707106781186548,0.707106781186548,0.));
#1606=DIRECTION('',(-0.707106781186548,0.707106781186548,0.));
#1607=DIRECTION('',(-0.707106781186548,-0.707106781186548,0.));
#1608=DIRECTION('',(0.707106781186548,-0.707106781186548,0.));
#1609=DIRECTION('',(0.,-1.,0.));
#1610=DIRECTION('',(0.,0.,-1.));
#1611=DIRECTION('',(0.,-1.,0.));
#1612=DIRECTION('',(0.,0.,-1.));
#1613=DIRECTION('',(0.,0.,1.));
#1614=DIRECTION('',(1.,0.,0.));
#1615=DIRECTION('',(-1.,0.,0.));
#1616=DIRECTION('',(0.,0.,1.));
#1617=DIRECTION('',(0.,0.,1.));
#1618=DIRECTION('',(1.,0.,0.));
#1619=DIRECTION('',(0.707106781186548,-0.707106781186547,-5.64543047366786E-16));
#1620=DIRECTION('',(0.707106781186547,0.707106781186548,0.));
#1621=DIRECTION('',(1.,0.,0.));
#1622=DIRECTION('',(0.,0.,-1.));
#1623=DIRECTION('',(-1.,0.,0.));
#1624=DIRECTION('',(0.,0.,1.));
#1625=DIRECTION('',(-0.707106781186548,0.707106781186548,0.));
#1626=DIRECTION('',(-0.707106781186548,-0.707106781186548,0.));
#1627=DIRECTION('',(0.707106781186548,-0.707106781186547,1.12908609473357E-15));
#1628=DIRECTION('',(0.707106781186547,0.707106781186548,0.));
#1629=DIRECTION('',(0.,0.,1.));
#1630=DIRECTION('',(1.,0.,0.));
#1631=DIRECTION('',(-0.707106781186548,-0.707106781186548,0.));
#1632=DIRECTION('',(0.707106781186548,-0.707106781186548,0.));
#1633=DIRECTION('',(0.707106781186548,0.707106781186548,0.));
#1634=DIRECTION('',(-0.707106781186548,0.707106781186548,0.));
#1635=DIRECTION('',(-0.707106781186548,-0.707106781186548,0.));
#1636=DIRECTION('',(0.707106781186548,-0.707106781186548,0.));
#1637=DIRECTION('',(0.,0.,1.));
#1638=DIRECTION('',(1.,0.,0.));
#1639=DIRECTION('',(0.,-1.,0.));
#1640=DIRECTION('',(0.,0.,-1.));
#1641=DIRECTION('',(0.,0.,1.));
#1642=DIRECTION('',(1.,0.,0.));
#1643=DIRECTION('',(1.,0.,0.));
#1644=DIRECTION('',(0.,0.,-1.));
#1645=DIRECTION('',(0.,1.,0.));
#1646=DIRECTION('',(0.,0.,1.));
#1647=DIRECTION('',(0.,-1.,0.));
#1648=DIRECTION('',(0.,0.,-1.));
#1649=DIRECTION('',(1.,0.,0.));
#1650=DIRECTION('',(0.,0.,-1.));
#1651=DIRECTION('',(1.,0.,0.));
#1652=DIRECTION('',(0.,0.,-1.));
#1653=DIRECTION('',(0.,0.,1.));
#1654=DIRECTION('',(1.,0.,0.));
#1655=DIRECTION('',(0.707106781186549,-0.707106781186546,0.));
#1656=DIRECTION('',(0.707106781186546,0.707106781186549,0.));
#1657=DIRECTION('',(0.,0.,1.));
#1658=DIRECTION('',(1.,0.,0.));
#1659=DIRECTION('',(0.707106781186547,-0.707106781186549,0.));
#1660=DIRECTION('',(0.707106781186549,0.707106781186547,0.));
#1661=DIRECTION('',(-0.707106781186548,0.707106781186548,0.));
#1662=DIRECTION('',(-0.707106781186548,-0.707106781186548,0.));
#1663=DIRECTION('',(0.707106781186548,-0.707106781186548,0.));
#1664=DIRECTION('',(0.707106781186548,0.707106781186548,0.));
#1665=DIRECTION('',(0.707106781186548,-0.707106781186548,0.));
#1666=DIRECTION('',(0.707106781186548,0.707106781186548,0.));
#1667=DIRECTION('',(0.707106781186548,-0.707106781186548,0.));
#1668=DIRECTION('',(0.707106781186548,0.707106781186548,0.));
#1669=DIRECTION('',(0.,0.,1.));
#1670=DIRECTION('',(1.,0.,0.));
#1671=DIRECTION('',(1.,0.,0.));
#1672=DIRECTION('',(0.,0.,-1.));
#1673=DIRECTION('',(0.,0.,1.));
#1674=DIRECTION('',(1.,0.,0.));
#1675=DIRECTION('',(0.,-1.,0.));
#1676=DIRECTION('',(0.,0.,-1.));
#1677=DIRECTION('',(-1.,0.,0.));
#1678=DIRECTION('',(0.,0.,1.));
#1679=DIRECTION('',(1.,0.,0.));
#1680=DIRECTION('',(0.,0.,-1.));
#1681=DIRECTION('',(0.,-1.,0.));
#1682=DIRECTION('',(0.,0.,-1.));
#1683=DIRECTION('',(0.,-1.,0.));
#1684=DIRECTION('',(0.,0.,-1.));
#1685=DIRECTION('',(0.,0.,1.));
#1686=DIRECTION('',(1.,0.,0.));
#1687=DIRECTION('',(0.707106781186548,0.707106781186548,0.));
#1688=DIRECTION('',(-0.707106781186548,0.707106781186548,0.));
#1689=DIRECTION('',(0.,0.,1.));
#1690=DIRECTION('',(1.,0.,0.));
#1691=DIRECTION('',(-0.707106781186548,-0.707106781186548,0.));
#1692=DIRECTION('',(0.707106781186548,-0.707106781186548,0.));
#1693=DIRECTION('',(0.707106781186548,0.707106781186548,0.));
#1694=DIRECTION('',(-0.707106781186548,0.707106781186548,0.));
#1695=CARTESIAN_POINT('',(0.,0.,0.));
#1696=CARTESIAN_POINT('',(0.,0.,0.007));
#1697=CARTESIAN_POINT('',(-0.0552885584465894,0.0187516545966807,0.007));
#1698=CARTESIAN_POINT('',(-0.0552885584465894,0.0194891193399284,0.007));
#1699=CARTESIAN_POINT('',(-0.0558100247674258,0.0192731209175172,0.007));
#1700=CARTESIAN_POINT('',(-0.0375415728424715,0.0375415728424715,0.007));
#1701=CARTESIAN_POINT('',(-0.0560718487923125,0.0190112968853281,0.007));
#1702=CARTESIAN_POINT('',(-0.0476819287617188,0.0189742928357108,0.007));
#1703=CARTESIAN_POINT('',(-0.0495011311505656,0.0189750428366956,0.007));
#1704=CARTESIAN_POINT('',(-0.0576528918548762,0.0191704930933469,0.007));
#1705=CARTESIAN_POINT('',(-0.0571110911434222,0.0188614926875897,0.007));
#1706=CARTESIAN_POINT('',(-0.0476819287617188,0.0189742928357108,0.007));
#1707=CARTESIAN_POINT('',(-0.038102316182452,0.018974292835722,0.007));
#1708=CARTESIAN_POINT('',(-0.0285227036031911,0.0189742928357108,0.007));
#1709=CARTESIAN_POINT('',(-0.0189274910034425,0.0189637928219228,0.007));
#1710=CARTESIAN_POINT('',(-0.0192987414909421,0.0190149428890895,0.007));
#1711=CARTESIAN_POINT('',(-0.0281669031359794,0.0189741428355137,0.007));
#1712=CARTESIAN_POINT('',(-0.0285227036031911,0.0189742928357108,0.007));
#1713=CARTESIAN_POINT('',(-0.0189274910034425,0.0189637928219228,0.007));
#1714=CARTESIAN_POINT('',(-0.00475937239887988,0.010734632015976,0.007));
#1715=CARTESIAN_POINT('',(-0.0186709906666246,0.0102475813764158,0.007));
#1716=CARTESIAN_POINT('',(-0.0160783872622027,0.0126391845168984,0.007));
#1717=CARTESIAN_POINT('',(-0.0189274910034425,0.0189637928219228,0.007));
#1718=CARTESIAN_POINT('',(-0.00475937239887988,0.010734632015976,0.007));
#1719=CARTESIAN_POINT('',(-0.00387437123675949,0.0173674907257729,0.007));
#1720=CARTESIAN_POINT('',(-0.00438107190212266,0.0171343904196821,0.007));
#1721=CARTESIAN_POINT('',(-0.00424232171992582,0.0108796822064455,0.007));
#1722=CARTESIAN_POINT('',(-0.00475937239887988,0.010734632015976,0.007));
#1723=CARTESIAN_POINT('',(-0.00387437123675949,0.0173674907257729,0.007));
#1724=CARTESIAN_POINT('',(-0.00308402019892689,0.0131958352478525,0.007));
#1725=CARTESIAN_POINT('',(-0.00320837036221466,0.0132948353778524,0.007));
#1726=CARTESIAN_POINT('',(-0.00378557112015351,0.0165966397135463,0.007));
#1727=CARTESIAN_POINT('',(-0.00387437123675949,0.0173674907257729,0.007));
#1728=CARTESIAN_POINT('',(-0.00308402019892689,0.0131958352478525,0.007));
#1729=CARTESIAN_POINT('',(0.00313033796132492,0.0132087352647918,0.007));
#1730=CARTESIAN_POINT('',(0.00305143785771893,0.0131370351706404,0.007));
#1731=CARTESIAN_POINT('',(-0.00286756991469982,0.0130234850215344,0.007));
#1732=CARTESIAN_POINT('',(-0.00308402019892689,0.0131958352478525,0.007));
#1733=CARTESIAN_POINT('',(0.00313033796132492,0.0132087352647918,0.007));
#1734=CARTESIAN_POINT('',(0.0039079389824151,0.017376490737591,0.007));
#1735=CARTESIAN_POINT('',(0.00365953865623351,0.0167089898610765,0.007));
#1736=CARTESIAN_POINT('',(0.00338893830090043,0.0134433355728522,0.007));
#1737=CARTESIAN_POINT('',(0.00313033796132492,0.0132087352647918,0.007));
#1738=CARTESIAN_POINT('',(0.0039079389824151,0.017376490737591,0.007));
#1739=CARTESIAN_POINT('',(0.00471539004270223,0.0107341820153851,0.007));
#1740=CARTESIAN_POINT('',(0.00467638999149015,0.0113044827642633,0.007));
#1741=CARTESIAN_POINT('',(0.00390868898339995,0.017376340737394,0.007));
#1742=CARTESIAN_POINT('',(0.0039079389824151,0.017376490737591,0.007));
#1743=CARTESIAN_POINT('',(0.00471539004270223,0.0107341820153851,0.007));
#1744=CARTESIAN_POINT('',(0.0189550587412193,0.0189346927837108,0.007));
#1745=CARTESIAN_POINT('',(0.0167998559111607,0.0110922324855514,0.007));
#1746=CARTESIAN_POINT('',(0.0124789502372556,0.0100344310965221,0.007));
#1747=CARTESIAN_POINT('',(0.00471539004270223,0.0107341820153851,0.007));
#1748=CARTESIAN_POINT('',(0.0189550587412193,0.0189346927837108,0.007));
#1749=CARTESIAN_POINT('',(0.023721465000124,0.0189742928357108,0.007));
#1750=CARTESIAN_POINT('',(0.023199014314079,0.0189744428359077,0.007));
#1751=CARTESIAN_POINT('',(0.0191104589452798,0.0190251429024834,0.007));
#1752=CARTESIAN_POINT('',(0.0189550587412193,0.0189346927837108,0.007));
#1753=CARTESIAN_POINT('',(0.023721465000124,0.0189742928357108,0.007));
#1754=CARTESIAN_POINT('',(0.035715480749775,0.01897429283571,0.007));
#1755=CARTESIAN_POINT('',(0.0477094964994956,0.0189742928357108,0.007));
#1756=CARTESIAN_POINT('',(0.0571199088565778,0.0188508426736048,0.007));
#1757=CARTESIAN_POINT('',(0.0578312097906075,0.0191952431258469,0.007));
#1758=CARTESIAN_POINT('',(0.0495193988761303,0.0189750428366956,0.007));
#1759=CARTESIAN_POINT('',(0.0477094964994956,0.0189742928357108,0.007));
#1760=CARTESIAN_POINT('',(0.0560624979542706,0.0190206477169808,0.007));
#1761=CARTESIAN_POINT('',(0.0375415728424714,0.0375415728424714,0.007));
#1762=CARTESIAN_POINT('',(0.055810023526464,0.019273122158479,0.007));
#1763=CARTESIAN_POINT('',(0.0552885602015745,0.0187516588335895,0.007));
#1764=CARTESIAN_POINT('',(0.0552885602015745,0.0194891193399284,0.007));
#1765=CARTESIAN_POINT('',(0.,0.0194891193399284,0.007));
#1766=CARTESIAN_POINT('',(0.,0.,0.));
#1767=CARTESIAN_POINT('',(0.,-0.0190062766274537,0.));
#1768=CARTESIAN_POINT('',(0.0462666868528887,-0.0190062766274537,0.));
#1769=CARTESIAN_POINT('',(-0.0462666868528887,-0.0190062766274537,0.));
#1770=CARTESIAN_POINT('',(-0.0462666868528887,-0.00904199764904547,0.));
#1771=CARTESIAN_POINT('',(-0.0533124960881558,-0.0160878068843125,0.));
#1772=CARTESIAN_POINT('',(-0.0542027643957376,-0.0151975385767308,0.));
#1773=CARTESIAN_POINT('',(-0.0542027643957376,-0.0151975385767307,0.));
#1774=CARTESIAN_POINT('',(-0.0471569551604705,-0.0081517293414637,0.));
#1775=CARTESIAN_POINT('',(-0.0571212341388788,-0.0081517293414637,0.));
#1776=CARTESIAN_POINT('',(-0.0571212341388788,0.,0.));
#1777=CARTESIAN_POINT('',(-0.0571212341388788,0.0171736009351644,0.));
#1778=CARTESIAN_POINT('',(-0.0568666121081058,0.0171736009351644,0.));
#1779=CARTESIAN_POINT('',(-0.0570466570727049,0.0173536458997635,0.));
#1780=CARTESIAN_POINT('',(-0.0554686034111885,0.0189316995612799,0.));
#1781=CARTESIAN_POINT('',(-0.0554686034111885,0.0189316995612799,0.));
#1782=CARTESIAN_POINT('',(-0.0552885584465894,0.0187516545966807,0.));
#1783=CARTESIAN_POINT('',(-0.0552885584465894,0.0190062766274537,0.));
#1784=CARTESIAN_POINT('',(0.0552885602015745,0.0190062766274537,0.));
#1785=CARTESIAN_POINT('',(0.0552885602015745,0.0190062766274537,0.));
#1786=CARTESIAN_POINT('',(0.0552885602015745,0.0187516588335895,0.));
#1787=CARTESIAN_POINT('',(0.0554686021702266,0.0189317008022417,0.));
#1788=CARTESIAN_POINT('',(0.0570466583136667,0.0173536446588016,0.));
#1789=CARTESIAN_POINT('',(0.0570466583136667,0.0173536446588016,0.));
#1790=CARTESIAN_POINT('',(0.0568666163450146,0.0171736026901495,0.));
#1791=CARTESIAN_POINT('',(0.0571212341388788,0.0171736026901495,0.));
#1792=CARTESIAN_POINT('',(0.0571212341388788,-0.0081517293414637,0.));
#1793=CARTESIAN_POINT('',(0.0571212341388788,-0.0081517293414637,0.));
#1794=CARTESIAN_POINT('',(0.0471569551604705,-0.0081517293414637,0.));
#1795=CARTESIAN_POINT('',(0.0542027643957376,-0.0151975385767308,0.));
#1796=CARTESIAN_POINT('',(0.0533124960881558,-0.0160878068843125,0.));
#1797=CARTESIAN_POINT('',(0.0533124960881558,-0.0160878068843125,0.));
#1798=CARTESIAN_POINT('',(0.0462666868528887,-0.00904199764904547,0.));
#1799=CARTESIAN_POINT('',(-0.0392267176589388,-0.0122883394360542,0.));
#1800=CARTESIAN_POINT('',(-0.0377767176589388,-0.0122883394360542,0.));
#1801=CARTESIAN_POINT('',(0.0392389853766247,-0.0122883394360542,0.));
#1802=CARTESIAN_POINT('',(0.0406889853766247,-0.0122883394360542,0.));
#1803=CARTESIAN_POINT('',(0.0392389853766247,-0.00274273568154182,0.00700000000000001));
#1804=CARTESIAN_POINT('',(0.0392389853766247,-0.00274273568154182,0.003));
#1805=CARTESIAN_POINT('',(0.0359005809928703,0.00852392911303862,0.00700000000000001));
#1806=CARTESIAN_POINT('',(0.0359005809928703,0.00852392911303862,0.003));
#1807=CARTESIAN_POINT('',(0.0489127980795854,0.014873587450957,0.00700000000000001));
#1808=CARTESIAN_POINT('',(0.0489127980795854,0.014873587450957,0.003));
#1809=CARTESIAN_POINT('',(0.0571199088565778,0.0188508426736048,0.00700000000000001));
#1810=CARTESIAN_POINT('',(0.0571199088565778,0.0188508426736048,0.003));
#1811=CARTESIAN_POINT('',(0.0392389853766247,-0.00274273568154182,0.007));
#1812=CARTESIAN_POINT('',(0.0359005809928703,0.00852392911303862,0.007));
#1813=CARTESIAN_POINT('',(0.0489127980795854,0.014873587450957,0.007));
#1814=CARTESIAN_POINT('',(0.0571199088565778,0.0188508426736048,0.007));
#1815=CARTESIAN_POINT('',(0.0392389853766247,-0.00274273568154182,0.007));
#1816=CARTESIAN_POINT('',(0.056522207034656,0.0185609386502881,0.007));
#1817=CARTESIAN_POINT('',(0.0565222070346571,0.0185609386502858,0.007));
#1818=CARTESIAN_POINT('',(0.0567279804292764,0.0186608892214382,0.00700000000000001));
#1819=CARTESIAN_POINT('',(0.0569272887172211,0.0187574968572682,0.00696001244955693));
#1820=CARTESIAN_POINT('',(0.0571199088565778,0.0188508426736048,0.00687912896928256));
#1821=CARTESIAN_POINT('',(0.0571199088565778,0.0188508426736048,0.00687912896928256));
#1822=CARTESIAN_POINT('',(0.0571199088565778,0.0188508426736048,0.007));
#1823=CARTESIAN_POINT('',(0.0571199088565778,0.0188508426736048,0.003));
#1824=CARTESIAN_POINT('',(0.0392389853766247,-0.00274273568154182,0.003));
#1825=CARTESIAN_POINT('',(0.0359005809928703,0.00852392911303862,0.003));
#1826=CARTESIAN_POINT('',(0.0489127980795854,0.014873587450957,0.003));
#1827=CARTESIAN_POINT('',(0.0571199088565778,0.0188508426736048,0.003));
#1828=CARTESIAN_POINT('',(0.0392389853766247,-0.00274273568154182,0.003));
#1829=CARTESIAN_POINT('',(0.0392389853766247,-0.00274273568154182,0.007));
#1830=CARTESIAN_POINT('',(0.0571199088565778,0.0188508426736048,0.007000000000066));
#1831=CARTESIAN_POINT('',(0.0571199088565778,0.0188508426736048,0.003));
#1832=CARTESIAN_POINT('',(0.0578312097906075,0.0191952431258469,0.007000000000066));
#1833=CARTESIAN_POINT('',(0.0578312097906075,0.0191952431258469,0.003));
#1834=CARTESIAN_POINT('',(0.0495193988761303,0.0189750428366956,0.007000000000066));
#1835=CARTESIAN_POINT('',(0.0495193988761303,0.0189750428366956,0.003));
#1836=CARTESIAN_POINT('',(0.0477094964994956,0.0189742928357108,0.007000000000066));
#1837=CARTESIAN_POINT('',(0.0477094964994956,0.0189742928357108,0.003));
#1838=CARTESIAN_POINT('',(0.0571199088565778,0.0188508426736048,0.00687912896928256));
#1839=CARTESIAN_POINT('',(0.0571412519642353,0.0188611766624664,0.00687016932300144));
#1840=CARTESIAN_POINT('',(0.0571878136462951,0.0189062272650122,0.00684180937842217));
#1841=CARTESIAN_POINT('',(0.0570584464741947,0.0189455040733728,0.00687003683318901));
#1842=CARTESIAN_POINT('',(0.0569124297874304,0.0189689793723125,0.00690474020619652));
#1843=CARTESIAN_POINT('',(0.0566554705590086,0.0189933051316327,0.00695638143051043));
#1844=CARTESIAN_POINT('',(0.0563635502066899,0.0190093823932767,0.00699142215610011));
#1845=CARTESIAN_POINT('',(0.0561626280371362,0.0190173232698361,0.00700000000020984));
#1846=CARTESIAN_POINT('',(0.0560624979608543,0.0190206477167622,0.007));
#1847=CARTESIAN_POINT('',(0.0477094964994956,0.0189742928357108,0.007));
#1848=CARTESIAN_POINT('',(0.0477094964994956,0.0189742928357108,0.003));
#1849=CARTESIAN_POINT('',(0.0571199088565778,0.0188508426736048,0.003));
#1850=CARTESIAN_POINT('',(0.0578312097906075,0.0191952431258469,0.003));
#1851=CARTESIAN_POINT('',(0.0495193988761303,0.0189750428366956,0.003));
#1852=CARTESIAN_POINT('',(0.0477094964994956,0.0189742928357108,0.003));
#1853=CARTESIAN_POINT('',(0.035715480749775,0.01897429283571,0.007));
#1854=CARTESIAN_POINT('',(0.035715480749775,0.01897429283571,0.003));
#1855=CARTESIAN_POINT('',(0.023721465000124,0.0189742928357108,0.003));
#1856=CARTESIAN_POINT('',(0.023721465000124,0.0189742928357108,0.007));
#1857=CARTESIAN_POINT('',(0.023721465000124,0.0189742928357108,0.007));
#1858=CARTESIAN_POINT('',(0.023721465000124,0.0189742928357108,0.003));
#1859=CARTESIAN_POINT('',(0.023199014314079,0.0189744428359077,0.007));
#1860=CARTESIAN_POINT('',(0.023199014314079,0.0189744428359077,0.003));
#1861=CARTESIAN_POINT('',(0.0191104589452798,0.0190251429024834,0.007));
#1862=CARTESIAN_POINT('',(0.0191104589452798,0.0190251429024834,0.003));
#1863=CARTESIAN_POINT('',(0.0189550587412193,0.0189346927837108,0.007));
#1864=CARTESIAN_POINT('',(0.0189550587412193,0.0189346927837108,0.003));
#1865=CARTESIAN_POINT('',(0.023721465000124,0.0189742928357108,0.003));
#1866=CARTESIAN_POINT('',(0.023199014314079,0.0189744428359077,0.003));
#1867=CARTESIAN_POINT('',(0.0191104589452798,0.0190251429024834,0.003));
#1868=CARTESIAN_POINT('',(0.0189550587412193,0.0189346927837108,0.003));
#1869=CARTESIAN_POINT('',(0.0189550587412193,0.0189346927837108,0.003));
#1870=CARTESIAN_POINT('',(0.0189550587412193,0.0189346927837108,0.007));
#1871=CARTESIAN_POINT('',(-0.0189274910034425,0.0189637928219228,0.007));
#1872=CARTESIAN_POINT('',(-0.0189274910034425,0.0189637928219228,0.003));
#1873=CARTESIAN_POINT('',(-0.0192987414909421,0.0190149428890895,0.007));
#1874=CARTESIAN_POINT('',(-0.0192987414909421,0.0190149428890895,0.003));
#1875=CARTESIAN_POINT('',(-0.0281669031359793,0.0189741428355137,0.007));
#1876=CARTESIAN_POINT('',(-0.0281669031359793,0.0189741428355137,0.003));
#1877=CARTESIAN_POINT('',(-0.0285227036031911,0.0189742928357108,0.007));
#1878=CARTESIAN_POINT('',(-0.0285227036031911,0.0189742928357108,0.003));
#1879=CARTESIAN_POINT('',(-0.0189274910034425,0.0189637928219228,0.003));
#1880=CARTESIAN_POINT('',(-0.0192987414909421,0.0190149428890895,0.003));
#1881=CARTESIAN_POINT('',(-0.0281669031359794,0.0189741428355137,0.003));
#1882=CARTESIAN_POINT('',(-0.0285227036031911,0.0189742928357108,0.003));
#1883=CARTESIAN_POINT('',(-0.0189274910034425,0.0189637928219228,0.003));
#1884=CARTESIAN_POINT('',(-0.0285227036031911,0.0189742928357108,0.003));
#1885=CARTESIAN_POINT('',(-0.0189274910034425,0.0189637928219228,0.007));
#1886=CARTESIAN_POINT('',(-0.0285227036031911,0.0189742928357108,0.007));
#1887=CARTESIAN_POINT('',(-0.038102316182452,0.018974292835722,0.007));
#1888=CARTESIAN_POINT('',(-0.038102316182452,0.018974292835722,0.003));
#1889=CARTESIAN_POINT('',(-0.0476819287617188,0.0189742928357108,0.003));
#1890=CARTESIAN_POINT('',(-0.0476819287617188,0.0189742928357108,0.007));
#1891=CARTESIAN_POINT('',(-0.0476819287617188,0.0189742928357108,0.00700000000000001));
#1892=CARTESIAN_POINT('',(-0.0476819287617188,0.0189742928357108,0.003));
#1893=CARTESIAN_POINT('',(-0.0495011311506039,0.0189750428366956,0.00700000000000001));
#1894=CARTESIAN_POINT('',(-0.0495011311506039,0.0189750428366956,0.003));
#1895=CARTESIAN_POINT('',(-0.0576528918548762,0.0191704930933469,0.00700000000000001));
#1896=CARTESIAN_POINT('',(-0.0576528918548762,0.0191704930933469,0.003));
#1897=CARTESIAN_POINT('',(-0.0571110911434222,0.0188614926875897,0.00700000000000001));
#1898=CARTESIAN_POINT('',(-0.0571110911434222,0.0188614926875897,0.003));
#1899=CARTESIAN_POINT('',(-0.0560718487925463,0.0190112968923967,0.007));
#1900=CARTESIAN_POINT('',(-0.0561666493263227,0.0190081610682018,0.007));
#1901=CARTESIAN_POINT('',(-0.056355474150647,0.0190008291715871,0.00699258635252886));
#1902=CARTESIAN_POINT('',(-0.0565896278495065,0.0189883211337705,0.00696543964659643));
#1903=CARTESIAN_POINT('',(-0.056775687281106,0.0189732252663753,0.00693404851885471));
#1904=CARTESIAN_POINT('',(-0.0569147905801132,0.0189604381191817,0.00690523617085595));
#1905=CARTESIAN_POINT('',(-0.0570274105144376,0.0189377386908852,0.00688128873619128));
#1906=CARTESIAN_POINT('',(-0.0571082032686264,0.0189258595484577,0.00686044268821986));
#1907=CARTESIAN_POINT('',(-0.0571473734997553,0.0188829623471016,0.00686170360053429));
#1908=CARTESIAN_POINT('',(-0.0571211226700171,0.0188672138793907,0.00687414387368361));
#1909=CARTESIAN_POINT('',(-0.0571110911434222,0.0188614926875897,0.006878610095033));
#1910=CARTESIAN_POINT('',(-0.0571110911434222,0.0188614926875897,0.006878610095033));
#1911=CARTESIAN_POINT('',(-0.0571110911434222,0.0188614926875897,0.007));
#1912=CARTESIAN_POINT('',(-0.0571110911434222,0.0188614926875897,0.003));
#1913=CARTESIAN_POINT('',(-0.0476819287617188,0.0189742928357108,0.003));
#1914=CARTESIAN_POINT('',(-0.0495011311505656,0.0189750428366956,0.003));
#1915=CARTESIAN_POINT('',(-0.0576528918548762,0.0191704930933469,0.003));
#1916=CARTESIAN_POINT('',(-0.0571110911434222,0.0188614926875897,0.003));
#1917=CARTESIAN_POINT('',(-0.0571110911434222,0.0188614926875897,0.00700000000000002));
#1918=CARTESIAN_POINT('',(-0.0571110911434222,0.0188614926875897,0.003));
#1919=CARTESIAN_POINT('',(-0.0449961752349789,0.0124377342523683,0.00700000000000002));
#1920=CARTESIAN_POINT('',(-0.0449961752349789,0.0124377342523683,0.003));
#1921=CARTESIAN_POINT('',(-0.0375816654987737,0.00961248054244661,0.00700000000000002));
#1922=CARTESIAN_POINT('',(-0.0375816654987737,0.00961248054244661,0.003));
#1923=CARTESIAN_POINT('',(-0.0392267176589388,-0.00275848570222363,0.00700000000000002));
#1924=CARTESIAN_POINT('',(-0.0392267176589388,-0.00275848570222363,0.003));
#1925=CARTESIAN_POINT('',(-0.0571110911434222,0.0188614926875897,0.006878610095033));
#1926=CARTESIAN_POINT('',(-0.0569239190840827,0.0187622474180305,0.00695981532939382));
#1927=CARTESIAN_POINT('',(-0.0567299524040156,0.0186596654378713,0.00700000000000004));
#1928=CARTESIAN_POINT('',(-0.0565293280061631,0.0185538176787795,0.007));
#1929=CARTESIAN_POINT('',(-0.0565293280061609,0.0185538176787783,0.007));
#1930=CARTESIAN_POINT('',(-0.0571110911434222,0.0188614926875897,0.007));
#1931=CARTESIAN_POINT('',(-0.0449961752349789,0.0124377342523683,0.007));
#1932=CARTESIAN_POINT('',(-0.0375816654987736,0.0096124805424467,0.007));
#1933=CARTESIAN_POINT('',(-0.0392267176589388,-0.00275848570222363,0.007));
#1934=CARTESIAN_POINT('',(-0.0392267176589388,-0.00275848570222363,0.007));
#1935=CARTESIAN_POINT('',(-0.0392267176589388,-0.00275848570222363,0.007));
#1936=CARTESIAN_POINT('',(-0.0392267176589388,-0.00275848570222363,0.003));
#1937=CARTESIAN_POINT('',(-0.0571110911434222,0.0188614926875897,0.003));
#1938=CARTESIAN_POINT('',(-0.0449961752349789,0.0124377342523683,0.003));
#1939=CARTESIAN_POINT('',(-0.0375816654987736,0.0096124805424467,0.003));
#1940=CARTESIAN_POINT('',(-0.0392267176589388,-0.00275848570222363,0.003));
#1941=CARTESIAN_POINT('',(-0.000139216332020533,-0.0187941067590572,0.007));
#1942=CARTESIAN_POINT('',(-0.000139216332020533,-0.0187941067590572,0.003));
#1943=CARTESIAN_POINT('',(-8.86616085398765E-6,-0.019041757084254,0.007));
#1944=CARTESIAN_POINT('',(-8.86616085398765E-6,-0.019041757084254,0.003));
#1945=CARTESIAN_POINT('',(-5.86615691459721E-6,-0.0192328573351932,0.007));
#1946=CARTESIAN_POINT('',(-5.86615691459721E-6,-0.0192328573351932,0.003));
#1947=CARTESIAN_POINT('',(0.000175484081221598,-0.0187908067547239,0.007));
#1948=CARTESIAN_POINT('',(0.000175484081221598,-0.0187908067547239,0.003));
#1949=CARTESIAN_POINT('',(-0.000139216332020533,-0.0187941067590572,0.003));
#1950=CARTESIAN_POINT('',(-8.86616085398765E-6,-0.019041757084254,0.003));
#1951=CARTESIAN_POINT('',(-5.8661569145955E-6,-0.0192328573351932,0.003));
#1952=CARTESIAN_POINT('',(0.000175484081221598,-0.0187908067547239,0.003));
#1953=CARTESIAN_POINT('',(-0.000139216332020533,-0.0187941067590572,0.003));
#1954=CARTESIAN_POINT('',(0.000175484081221598,-0.0187908067547239,0.003));
#1955=CARTESIAN_POINT('',(-0.000139216332020533,-0.0187941067590572,0.007));
#1956=CARTESIAN_POINT('',(-0.000139216332020533,-0.0187941067590572,0.007));
#1957=CARTESIAN_POINT('',(-0.000139216332020533,-0.0187941067590572,0.007));
#1958=CARTESIAN_POINT('',(-8.86616085398765E-6,-0.019041757084254,0.007));
#1959=CARTESIAN_POINT('',(-5.8661569145955E-6,-0.0192328573351932,0.007));
#1960=CARTESIAN_POINT('',(0.000175484081221598,-0.0187908067547239,0.007));
#1961=CARTESIAN_POINT('',(0.000175484081221598,-0.0187908067547239,0.007));
#1962=CARTESIAN_POINT('',(0.000175484081221598,-0.0187908067547239,0.007));
#1963=CARTESIAN_POINT('',(0.,0.0211790688335896,0.007));
#1964=CARTESIAN_POINT('',(-0.0552885584465894,0.0211790688335896,0.007));
#1965=CARTESIAN_POINT('',(-0.0552885584465894,0.0211790688335896,0.00217279220613578));
#1966=CARTESIAN_POINT('',(-0.0552885584465894,0.0211790688335896,0.00531005050633883));
#1967=CARTESIAN_POINT('',(0.,0.0211790688335896,0.00531005050633883));
#1968=CARTESIAN_POINT('',(0.0552885602015745,0.0211790688335896,0.00531005050633883));
#1969=CARTESIAN_POINT('',(0.0552885602015745,0.0211790688335896,0.007));
#1970=CARTESIAN_POINT('',(0.0552885602015745,0.0211790688335896,0.00217279220613578));
#1971=CARTESIAN_POINT('',(-0.0552885584465894,0.0211790688335896,0.00217279220613578));
#1972=CARTESIAN_POINT('',(-0.0592940263450146,0.,0.007));
#1973=CARTESIAN_POINT('',(-0.0592940263450146,-0.0081517293414637,0.007));
#1974=CARTESIAN_POINT('',(-0.0592940263450146,-0.0081517293414637,0.00217279220613578));
#1975=CARTESIAN_POINT('',(-0.0592940263450146,-0.0081517293414637,0.00531005050633883));
#1976=CARTESIAN_POINT('',(-0.0592940263450146,0.0171736009351644,0.00531005050633883));
#1977=CARTESIAN_POINT('',(-0.0592940263450146,0.0171736009351644,0.00531005050633883));
#1978=CARTESIAN_POINT('',(-0.0592940263450146,0.0171736009351644,0.));
#1979=CARTESIAN_POINT('',(-0.0592940263450146,0.0171736009351644,0.00217279220613578));
#1980=CARTESIAN_POINT('',(-0.0592940263450146,0.,0.00217279220613578));
#1981=CARTESIAN_POINT('',(0.,-0.0211790688335896,0.007));
#1982=CARTESIAN_POINT('',(0.0462666868528887,-0.0211790688335896,0.007));
#1983=CARTESIAN_POINT('',(0.0462666868528887,-0.0211790688335896,0.00217279220613578));
#1984=CARTESIAN_POINT('',(0.0462666868528887,-0.0211790688335896,0.00531005050633883));
#1985=CARTESIAN_POINT('',(-0.0462666868528887,-0.0211790688335896,0.00531005050633883));
#1986=CARTESIAN_POINT('',(-0.0462666868528887,-0.0211790688335896,0.00531005050633883));
#1987=CARTESIAN_POINT('',(-0.0462666868528887,-0.0211790688335896,0.));
#1988=CARTESIAN_POINT('',(-0.0462666868528887,-0.0211790688335896,0.00217279220613578));
#1989=CARTESIAN_POINT('',(0.,-0.0211790688335896,0.00217279220613578));
#1990=CARTESIAN_POINT('',(0.0377097333685201,-0.00277753572723877,0.007));
#1991=CARTESIAN_POINT('',(0.0377097333685201,-0.00277753572723877,0.003));
#1992=CARTESIAN_POINT('',(0.0377295333945201,-0.00277768572743573,0.007));
#1993=CARTESIAN_POINT('',(0.0377295333945201,-0.00277768572743573,0.003));
#1994=CARTESIAN_POINT('',(0.0392341853703217,-0.00280618576485995,0.007));
#1995=CARTESIAN_POINT('',(0.0392341853703217,-0.00280618576485995,0.003));
#1996=CARTESIAN_POINT('',(0.0392389853766247,-0.00274273568154182,0.007));
#1997=CARTESIAN_POINT('',(0.0392389853766247,-0.00274273568154182,0.003));
#1998=CARTESIAN_POINT('',(0.0377097333685201,-0.00277753572723877,0.003));
#1999=CARTESIAN_POINT('',(0.0377295333945201,-0.00277768572743573,0.003));
#2000=CARTESIAN_POINT('',(0.0392341853703217,-0.00280618576485995,0.003));
#2001=CARTESIAN_POINT('',(0.0392389853766247,-0.00274273568154182,0.003));
#2002=CARTESIAN_POINT('',(0.0377097333685201,-0.00277753572723877,0.003));
#2003=CARTESIAN_POINT('',(0.0377097333685201,-0.00277753572723877,0.007));
#2004=CARTESIAN_POINT('',(0.0377097333685201,-0.00277753572723877,0.007));
#2005=CARTESIAN_POINT('',(0.0377097333685201,-0.00277753572723877,0.007));
#2006=CARTESIAN_POINT('',(0.0377295333945201,-0.00277768572743573,0.007));
#2007=CARTESIAN_POINT('',(0.0392341853703217,-0.00280618576485995,0.007));
#2008=CARTESIAN_POINT('',(0.0392389853766247,-0.00274273568154182,0.007));
#2009=CARTESIAN_POINT('',(0.000175484081221598,-0.0187908067547239,0.007));
#2010=CARTESIAN_POINT('',(0.000175484081221598,-0.0187908067547239,0.003));
#2011=CARTESIAN_POINT('',(0.00860804515425922,-0.0023348851459816,0.007));
#2012=CARTESIAN_POINT('',(0.00860804515425922,-0.0023348851459816,0.003));
#2013=CARTESIAN_POINT('',(0.0216874623292169,-0.00277663572605694,0.007));
#2014=CARTESIAN_POINT('',(0.0216874623292169,-0.00277663572605694,0.003));
#2015=CARTESIAN_POINT('',(0.0377097333685201,-0.00277753572723877,0.007));
#2016=CARTESIAN_POINT('',(0.0377097333685201,-0.00277753572723877,0.003));
#2017=CARTESIAN_POINT('',(0.000175484081221598,-0.0187908067547239,0.003));
#2018=CARTESIAN_POINT('',(0.00860804515425922,-0.0023348851459816,0.003));
#2019=CARTESIAN_POINT('',(0.0216874623292168,-0.00277663572605694,0.003));
#2020=CARTESIAN_POINT('',(0.0377097333685201,-0.00277753572723877,0.003));
#2021=CARTESIAN_POINT('',(0.000175484081221598,-0.0187908067547239,0.007));
#2022=CARTESIAN_POINT('',(0.00860804515425922,-0.0023348851459816,0.007));
#2023=CARTESIAN_POINT('',(0.0216874623292168,-0.00277663572605694,0.007));
#2024=CARTESIAN_POINT('',(0.0377097333685201,-0.00277753572723877,0.007));
#2025=CARTESIAN_POINT('',(-0.0350619621900791,-0.00277648572585997,0.007));
#2026=CARTESIAN_POINT('',(-0.0350619621900791,-0.00277648572585997,0.003));
#2027=CARTESIAN_POINT('',(-0.0190806412045484,-0.00301423603805672,0.007));
#2028=CARTESIAN_POINT('',(-0.0190806412045484,-0.00301423603805672,0.003));
#2029=CARTESIAN_POINT('',(-0.00814262684152821,-0.00271978565140556,0.007));
#2030=CARTESIAN_POINT('',(-0.00814262684152821,-0.00271978565140556,0.003));
#2031=CARTESIAN_POINT('',(-0.000139216332020533,-0.0187941067590572,0.007));
#2032=CARTESIAN_POINT('',(-0.000139216332020533,-0.0187941067590572,0.003));
#2033=CARTESIAN_POINT('',(-0.0350619621900791,-0.00277648572585997,0.003));
#2034=CARTESIAN_POINT('',(-0.0190806412045484,-0.00301423603805672,0.003));
#2035=CARTESIAN_POINT('',(-0.00814262684152825,-0.00271978565140548,0.003));
#2036=CARTESIAN_POINT('',(-0.000139216332020533,-0.0187941067590572,0.003));
#2037=CARTESIAN_POINT('',(-0.0350619621900791,-0.00277648572585997,0.003));
#2038=CARTESIAN_POINT('',(-0.0350619621900791,-0.00277648572585997,0.007));
#2039=CARTESIAN_POINT('',(-0.0350619621900791,-0.00277648572585997,0.007));
#2040=CARTESIAN_POINT('',(-0.0350619621900791,-0.00277648572585997,0.007));
#2041=CARTESIAN_POINT('',(-0.0190806412045484,-0.00301423603805672,0.007));
#2042=CARTESIAN_POINT('',(-0.00814262684152825,-0.00271978565140548,0.007));
#2043=CARTESIAN_POINT('',(-0.000139216332020533,-0.0187941067590572,0.007));
#2044=CARTESIAN_POINT('',(-0.0392267176589388,-0.00275848570222363,0.007));
#2045=CARTESIAN_POINT('',(-0.0392267176589388,-0.00275848570222363,0.003));
#2046=CARTESIAN_POINT('',(-0.0388919172193027,-0.00282343578751144,0.007));
#2047=CARTESIAN_POINT('',(-0.0388919172193027,-0.00282343578751144,0.003));
#2048=CARTESIAN_POINT('',(-0.035515262785321,-0.00276973571699634,0.007));
#2049=CARTESIAN_POINT('',(-0.035515262785321,-0.00276973571699634,0.003));
#2050=CARTESIAN_POINT('',(-0.0350619621900791,-0.00277648572585997,0.007));
#2051=CARTESIAN_POINT('',(-0.0350619621900791,-0.00277648572585997,0.003));
#2052=CARTESIAN_POINT('',(-0.0392267176589388,-0.00275848570222363,0.003));
#2053=CARTESIAN_POINT('',(-0.0388919172193027,-0.00282343578751144,0.003));
#2054=CARTESIAN_POINT('',(-0.035515262785321,-0.00276973571699634,0.003));
#2055=CARTESIAN_POINT('',(-0.0350619621900791,-0.00277648572585997,0.003));
#2056=CARTESIAN_POINT('',(-0.0392267176589388,-0.00275848570222363,0.007));
#2057=CARTESIAN_POINT('',(-0.0388919172193027,-0.00282343578751144,0.007));
#2058=CARTESIAN_POINT('',(-0.035515262785321,-0.00276973571699634,0.007));
#2059=CARTESIAN_POINT('',(-0.0350619621900791,-0.00277648572585997,0.007));
#2060=CARTESIAN_POINT('',(-0.00475937239887988,0.010734632015976,0.007));
#2061=CARTESIAN_POINT('',(-0.00475937239887988,0.010734632015976,0.003));
#2062=CARTESIAN_POINT('',(-0.0186709906666246,0.0102475813764158,0.007));
#2063=CARTESIAN_POINT('',(-0.0186709906666246,0.0102475813764158,0.003));
#2064=CARTESIAN_POINT('',(-0.0160783872622027,0.0126391845168984,0.007));
#2065=CARTESIAN_POINT('',(-0.0160783872622027,0.0126391845168984,0.003));
#2066=CARTESIAN_POINT('',(-0.0189274910034425,0.0189637928219228,0.007));
#2067=CARTESIAN_POINT('',(-0.0189274910034425,0.0189637928219228,0.003));
#2068=CARTESIAN_POINT('',(-0.00475937239887988,0.010734632015976,0.003));
#2069=CARTESIAN_POINT('',(-0.0186709906666246,0.0102475813764158,0.003));
#2070=CARTESIAN_POINT('',(-0.0160783872622027,0.0126391845168984,0.003));
#2071=CARTESIAN_POINT('',(-0.0189274910034425,0.0189637928219228,0.003));
#2072=CARTESIAN_POINT('',(-0.00475937239887988,0.010734632015976,0.003));
#2073=CARTESIAN_POINT('',(-0.00475937239887988,0.010734632015976,0.007));
#2074=CARTESIAN_POINT('',(-0.00387437123675949,0.0173674907257729,0.007));
#2075=CARTESIAN_POINT('',(-0.00387437123675949,0.0173674907257729,0.003));
#2076=CARTESIAN_POINT('',(-0.00438107190212266,0.0171343904196822,0.007));
#2077=CARTESIAN_POINT('',(-0.00438107190212266,0.0171343904196822,0.003));
#2078=CARTESIAN_POINT('',(-0.00424232171992581,0.0108796822064455,0.007));
#2079=CARTESIAN_POINT('',(-0.00424232171992581,0.0108796822064455,0.003));
#2080=CARTESIAN_POINT('',(-0.00475937239887988,0.010734632015976,0.007));
#2081=CARTESIAN_POINT('',(-0.00475937239887988,0.010734632015976,0.003));
#2082=CARTESIAN_POINT('',(-0.00387437123675949,0.0173674907257729,0.003));
#2083=CARTESIAN_POINT('',(-0.00438107190212266,0.0171343904196821,0.003));
#2084=CARTESIAN_POINT('',(-0.00424232171992582,0.0108796822064455,0.003));
#2085=CARTESIAN_POINT('',(-0.00475937239887988,0.010734632015976,0.003));
#2086=CARTESIAN_POINT('',(-0.00387437123675949,0.0173674907257729,0.003));
#2087=CARTESIAN_POINT('',(-0.00387437123675949,0.0173674907257729,0.007));
#2088=CARTESIAN_POINT('',(-0.00308402019892689,0.0131958352478525,0.007));
#2089=CARTESIAN_POINT('',(-0.00308402019892689,0.0131958352478525,0.003));
#2090=CARTESIAN_POINT('',(-0.00320837036221465,0.0132948353778524,0.007));
#2091=CARTESIAN_POINT('',(-0.00320837036221465,0.0132948353778524,0.003));
#2092=CARTESIAN_POINT('',(-0.00378557112015351,0.0165966397135463,0.007));
#2093=CARTESIAN_POINT('',(-0.00378557112015351,0.0165966397135463,0.003));
#2094=CARTESIAN_POINT('',(-0.00387437123675949,0.0173674907257729,0.007));
#2095=CARTESIAN_POINT('',(-0.00387437123675949,0.0173674907257729,0.003));
#2096=CARTESIAN_POINT('',(-0.00308402019892689,0.0131958352478525,0.003));
#2097=CARTESIAN_POINT('',(-0.00320837036221466,0.0132948353778524,0.003));
#2098=CARTESIAN_POINT('',(-0.00378557112015351,0.0165966397135463,0.003));
#2099=CARTESIAN_POINT('',(-0.00387437123675949,0.0173674907257729,0.003));
#2100=CARTESIAN_POINT('',(-0.00308402019892689,0.0131958352478525,0.003));
#2101=CARTESIAN_POINT('',(-0.00308402019892689,0.0131958352478525,0.007));
#2102=CARTESIAN_POINT('',(0.00313033796132492,0.0132087352647918,0.007));
#2103=CARTESIAN_POINT('',(0.00313033796132492,0.0132087352647918,0.003));
#2104=CARTESIAN_POINT('',(0.00305143785771893,0.0131370351706404,0.007));
#2105=CARTESIAN_POINT('',(0.00305143785771893,0.0131370351706404,0.003));
#2106=CARTESIAN_POINT('',(-0.00286756991469981,0.0130234850215344,0.007));
#2107=CARTESIAN_POINT('',(-0.00286756991469981,0.0130234850215344,0.003));
#2108=CARTESIAN_POINT('',(-0.00308402019892689,0.0131958352478525,0.007));
#2109=CARTESIAN_POINT('',(-0.00308402019892689,0.0131958352478525,0.003));
#2110=CARTESIAN_POINT('',(0.00313033796132492,0.0132087352647918,0.003));
#2111=CARTESIAN_POINT('',(0.00305143785771893,0.0131370351706404,0.003));
#2112=CARTESIAN_POINT('',(-0.00286756991469982,0.0130234850215344,0.003));
#2113=CARTESIAN_POINT('',(-0.00308402019892689,0.0131958352478525,0.003));
#2114=CARTESIAN_POINT('',(0.00313033796132492,0.0132087352647918,0.003));
#2115=CARTESIAN_POINT('',(0.00313033796132492,0.0132087352647918,0.007));
#2116=CARTESIAN_POINT('',(0.0039079389824151,0.017376490737591,0.007));
#2117=CARTESIAN_POINT('',(0.0039079389824151,0.017376490737591,0.003));
#2118=CARTESIAN_POINT('',(0.00365953865623351,0.0167089898610765,0.007));
#2119=CARTESIAN_POINT('',(0.00365953865623351,0.0167089898610765,0.003));
#2120=CARTESIAN_POINT('',(0.00338893830090043,0.0134433355728522,0.007));
#2121=CARTESIAN_POINT('',(0.00338893830090043,0.0134433355728522,0.003));
#2122=CARTESIAN_POINT('',(0.00313033796132492,0.0132087352647918,0.007));
#2123=CARTESIAN_POINT('',(0.00313033796132492,0.0132087352647918,0.003));
#2124=CARTESIAN_POINT('',(0.0039079389824151,0.017376490737591,0.003));
#2125=CARTESIAN_POINT('',(0.00365953865623351,0.0167089898610765,0.003));
#2126=CARTESIAN_POINT('',(0.00338893830090043,0.0134433355728522,0.003));
#2127=CARTESIAN_POINT('',(0.00313033796132492,0.0132087352647918,0.003));
#2128=CARTESIAN_POINT('',(0.0039079389824151,0.017376490737591,0.003));
#2129=CARTESIAN_POINT('',(0.0039079389824151,0.017376490737591,0.007));
#2130=CARTESIAN_POINT('',(0.00471539004270223,0.0107341820153851,0.007));
#2131=CARTESIAN_POINT('',(0.00471539004270223,0.0107341820153851,0.003));
#2132=CARTESIAN_POINT('',(0.00467638485445151,0.0113045578835745,0.007));
#2133=CARTESIAN_POINT('',(0.00467638485445151,0.0113045578835745,0.003));
#2134=CARTESIAN_POINT('',(0.00390903501177562,0.0173735998021646,0.007));
#2135=CARTESIAN_POINT('',(0.00390903501177562,0.0173735998021646,0.003));
#2136=CARTESIAN_POINT('',(0.0039079384317701,0.0173764928099096,0.007));
#2137=CARTESIAN_POINT('',(0.0039079384317701,0.0173764928099096,0.003));
#2138=CARTESIAN_POINT('',(0.00471539004270223,0.0107341820153851,0.003));
#2139=CARTESIAN_POINT('',(0.00467638999149015,0.0113044827642633,0.003));
#2140=CARTESIAN_POINT('',(0.00390868898339995,0.017376340737394,0.003));
#2141=CARTESIAN_POINT('',(0.0039079389824151,0.017376490737591,0.003));
#2142=CARTESIAN_POINT('',(0.00471539004270223,0.0107341820153851,0.003));
#2143=CARTESIAN_POINT('',(0.00471539004270223,0.0107341820153851,0.007));
#2144=CARTESIAN_POINT('',(0.0189550587412193,0.0189346927837108,0.007));
#2145=CARTESIAN_POINT('',(0.0189550587412193,0.0189346927837108,0.003));
#2146=CARTESIAN_POINT('',(0.0167998559111607,0.0110922324855514,0.007));
#2147=CARTESIAN_POINT('',(0.0167998559111607,0.0110922324855514,0.003));
#2148=CARTESIAN_POINT('',(0.0124789502372556,0.0100344310965221,0.007));
#2149=CARTESIAN_POINT('',(0.0124789502372556,0.0100344310965221,0.003));
#2150=CARTESIAN_POINT('',(0.00471539004270223,0.0107341820153851,0.007));
#2151=CARTESIAN_POINT('',(0.00471539004270223,0.0107341820153851,0.003));
#2152=CARTESIAN_POINT('',(0.0189550587412193,0.0189346927837108,0.003));
#2153=CARTESIAN_POINT('',(0.0167998559111607,0.0110922324855514,0.003));
#2154=CARTESIAN_POINT('',(0.0124789502372556,0.0100344310965221,0.003));
#2155=CARTESIAN_POINT('',(0.00471539004270223,0.0107341820153851,0.003));
#2156=CARTESIAN_POINT('',(0.0392389853766247,-0.0122883394360542,0.007));
#2157=CARTESIAN_POINT('',(0.0392389853766247,-0.0122883394360542,0.007));
#2158=CARTESIAN_POINT('',(0.0406889853766247,-0.0122883394360542,0.007));
#2159=CARTESIAN_POINT('',(-0.0392267176589388,-0.0122883394360542,0.007));
#2160=CARTESIAN_POINT('',(-0.0392267176589388,-0.0122883394360542,0.007));
#2161=CARTESIAN_POINT('',(-0.0377767176589388,-0.0122883394360542,0.007));
#2162=CARTESIAN_POINT('',(0.0592940263450146,0.,0.007));
#2163=CARTESIAN_POINT('',(0.0592940263450146,0.0171736026901495,0.007));
#2164=CARTESIAN_POINT('',(0.0592940263450146,0.0171736026901495,0.00217279220613578));
#2165=CARTESIAN_POINT('',(0.0592940263450146,0.0171736026901495,0.00531005050633883));
#2166=CARTESIAN_POINT('',(0.0592940263450146,0.,0.00531005050633883));
#2167=CARTESIAN_POINT('',(0.0592940263450146,-0.0081517293414637,0.00531005050633883));
#2168=CARTESIAN_POINT('',(0.0592940263450146,-0.0081517293414637,0.007));
#2169=CARTESIAN_POINT('',(0.0592940263450146,-0.0081517293414637,0.00217279220613578));
#2170=CARTESIAN_POINT('',(0.0592940263450146,0.0171736026901495,0.00217279220613578));
#2171=CARTESIAN_POINT('',(0.,0.,0.007));
#2172=CARTESIAN_POINT('',(-0.0375415728424715,0.0375415728424715,0.007));
#2173=CARTESIAN_POINT('',(-0.0573880784289422,0.0176950672560008,0.007));
#2174=CARTESIAN_POINT('',(-0.0568666121081058,0.0171736009351644,0.007));
#2175=CARTESIAN_POINT('',(-0.0576040768513534,0.0171736009351644,0.007));
#2176=CARTESIAN_POINT('',(-0.0576040768513534,-0.0081517293414637,0.007));
#2177=CARTESIAN_POINT('',(-0.0576040768513534,-0.0081517293414637,0.007));
#2178=CARTESIAN_POINT('',(-0.0471569551604705,-0.0081517293414637,0.007));
#2179=CARTESIAN_POINT('',(-0.0545441857519749,-0.0155389599329681,0.007));
#2180=CARTESIAN_POINT('',(-0.0350415728424715,-0.0350415728424715,0.007));
#2181=CARTESIAN_POINT('',(-0.0536539174443931,-0.0164292282405498,0.007));
#2182=CARTESIAN_POINT('',(-0.0462666868528887,-0.00904199764904547,0.007));
#2183=CARTESIAN_POINT('',(-0.0462666868528887,-0.0194891193399284,0.007));
#2184=CARTESIAN_POINT('',(0.0462666868528887,-0.0194891193399284,0.007));
#2185=CARTESIAN_POINT('',(0.0462666868528887,-0.0194891193399284,0.007));
#2186=CARTESIAN_POINT('',(0.0462666868528887,-0.00904199764904547,0.007));
#2187=CARTESIAN_POINT('',(0.0536539174443931,-0.0164292282405498,0.007));
#2188=CARTESIAN_POINT('',(0.0350415728424715,-0.0350415728424715,0.007));
#2189=CARTESIAN_POINT('',(0.0545441857519749,-0.0155389599329681,0.007));
#2190=CARTESIAN_POINT('',(0.0471569551604705,-0.0081517293414637,0.007));
#2191=CARTESIAN_POINT('',(0.0576040768513534,-0.0081517293414637,0.007));
#2192=CARTESIAN_POINT('',(0.0576040768513534,0.,0.007));
#2193=CARTESIAN_POINT('',(0.0576040768513534,0.0171736026901495,0.007));
#2194=CARTESIAN_POINT('',(0.0568666163450146,0.0171736026901495,0.007));
#2195=CARTESIAN_POINT('',(0.057388079669904,0.0176950660150389,0.007));
#2196=CARTESIAN_POINT('',(0.0375415728424714,0.0375415728424714,0.007));
#2197=CARTESIAN_POINT('',(0.,0.,0.003));
#2198=CARTESIAN_POINT('',(-0.0512940263450146,-0.0211790688335896,0.007));
#2199=CARTESIAN_POINT('',(-0.0548488921912237,-0.0176242029873805,0.007));
#2200=CARTESIAN_POINT('',(-0.0548488921912237,-0.0176242029873805,0.00217279220613578));
#2201=CARTESIAN_POINT('',(-0.0548488921912237,-0.0176242029873805,0.00531005050633883));
#2202=CARTESIAN_POINT('',(-0.0512940263450146,-0.0211790688335896,0.00531005050633883));
#2203=CARTESIAN_POINT('',(-0.0557391604988055,-0.0167339346797987,0.00531005050633883));
#2204=CARTESIAN_POINT('',(-0.0557391604988055,-0.0167339346797987,0.));
#2205=CARTESIAN_POINT('',(-0.0557391604988055,-0.0167339346797987,0.00217279220613578));
#2206=CARTESIAN_POINT('',(-0.0548488921912237,-0.0176242029873805,0.00217279220613578));
#2207=CARTESIAN_POINT('',(0.0592940263450146,-0.0131790688335896,0.007));
#2208=CARTESIAN_POINT('',(0.0557391604988055,-0.0167339346797987,0.007));
#2209=CARTESIAN_POINT('',(0.0557391604988055,-0.0167339346797987,0.00217279220613578));
#2210=CARTESIAN_POINT('',(0.0557391604988055,-0.0167339346797987,0.00531005050633883));
#2211=CARTESIAN_POINT('',(0.0592940263450146,-0.0131790688335896,0.00531005050633883));
#2212=CARTESIAN_POINT('',(0.0548488921912237,-0.0176242029873805,0.00531005050633883));
#2213=CARTESIAN_POINT('',(0.0548488921912237,-0.0176242029873805,0.));
#2214=CARTESIAN_POINT('',(0.0548488921912237,-0.0176242029873805,0.00217279220613578));
#2215=CARTESIAN_POINT('',(0.0557391604988055,-0.0167339346797987,0.00217279220613578));
#2216=CARTESIAN_POINT('',(0.0471569551604705,-0.0081517293414637,0.007));
#2217=CARTESIAN_POINT('',(0.0471569551604705,-0.0081517293414637,0.00531005050633883));
#2218=CARTESIAN_POINT('',(0.0471569551604705,-0.0081517293414637,0.00217279220613578));
#2219=CARTESIAN_POINT('',(0.0462666868528887,-0.00904199764904547,0.007));
#2220=CARTESIAN_POINT('',(0.0462666868528887,-0.00904199764904547,0.00531005050633883));
#2221=CARTESIAN_POINT('',(0.0462666868528887,-0.00904199764904547,0.00217279220613578));
#2222=CARTESIAN_POINT('',(-0.0471569551604705,-0.0081517293414637,0.007));
#2223=CARTESIAN_POINT('',(-0.0471569551604705,-0.0081517293414637,0.00531005050633883));
#2224=CARTESIAN_POINT('',(-0.0471569551604705,-0.0081517293414637,0.00217279220613578));
#2225=CARTESIAN_POINT('',(-0.0462666868528887,-0.00904199764904547,0.007));
#2226=CARTESIAN_POINT('',(-0.0462666868528887,-0.00904199764904547,0.00531005050633883));
#2227=CARTESIAN_POINT('',(-0.0462666868528887,-0.00904199764904547,0.00217279220613578));
#2228=CARTESIAN_POINT('',(-0.0592940263450146,0.0181790688335895,0.007));
#2229=CARTESIAN_POINT('',(-0.0585830531757728,0.0188900420028313,0.007));
#2230=CARTESIAN_POINT('',(-0.0585830531757728,0.0188900420028313,0.00217279220613578));
#2231=CARTESIAN_POINT('',(-0.0585830531757728,0.0188900420028313,0.00531005050633883));
#2232=CARTESIAN_POINT('',(-0.0592940263450146,0.0181790688335895,0.00531005050633883));
#2233=CARTESIAN_POINT('',(-0.0570049995142564,0.0204680956643478,0.00531005050633883));
#2234=CARTESIAN_POINT('',(-0.0570049995142564,0.0204680956643478,0.007));
#2235=CARTESIAN_POINT('',(-0.0570049995142564,0.0204680956643478,0.00217279220613578));
#2236=CARTESIAN_POINT('',(-0.0585830531757728,0.0188900420028313,0.00217279220613578));
#2237=CARTESIAN_POINT('',(-0.0552885584465894,0.0187516545966807,0.007));
#2238=CARTESIAN_POINT('',(-0.0552885584465894,0.0187516545966807,0.00531005050633883));
#2239=CARTESIAN_POINT('',(-0.0552885584465894,0.0187516545966807,0.00217279220613578));
#2240=CARTESIAN_POINT('',(-0.0568666121081058,0.0171736009351644,0.007));
#2241=CARTESIAN_POINT('',(-0.0568666121081058,0.0171736009351644,0.00531005050633883));
#2242=CARTESIAN_POINT('',(-0.0568666121081058,0.0171736009351644,0.00217279220613578));
#2243=CARTESIAN_POINT('',(0.0562940263450146,0.0211790688335896,0.007));
#2244=CARTESIAN_POINT('',(0.0570049982732945,0.0204680969053096,0.007));
#2245=CARTESIAN_POINT('',(0.0570049982732945,0.0204680969053096,0.00217279220613578));
#2246=CARTESIAN_POINT('',(0.0570049982732945,0.0204680969053096,0.00531005050633883));
#2247=CARTESIAN_POINT('',(0.0562940263450146,0.0211790688335896,0.00531005050633883));
#2248=CARTESIAN_POINT('',(0.0585830544167346,0.0188900407618695,0.00531005050633883));
#2249=CARTESIAN_POINT('',(0.0585830544167346,0.0188900407618695,0.007));
#2250=CARTESIAN_POINT('',(0.0585830544167346,0.0188900407618695,0.00217279220613578));
#2251=CARTESIAN_POINT('',(0.0570049982732945,0.0204680969053096,0.00217279220613578));
#2252=CARTESIAN_POINT('',(0.0568666163450146,0.0171736026901495,0.007));
#2253=CARTESIAN_POINT('',(0.0568666163450146,0.0171736026901495,0.00531005050633883));
#2254=CARTESIAN_POINT('',(0.0568666163450146,0.0171736026901495,0.00217279220613578));
#2255=CARTESIAN_POINT('',(0.0552885602015745,0.0187516588335895,0.007));
#2256=CARTESIAN_POINT('',(0.0552885602015745,0.0187516588335895,0.00531005050633883));
#2257=CARTESIAN_POINT('',(0.0552885602015745,0.0187516588335895,0.00217279220613578));
#2258=CARTESIAN_POINT('',(0.0552885602015745,0.0187516588335895,0.00217279220613578));
#2259=CARTESIAN_POINT('',(0.0552885602015745,0.0190062766274537,0.00217279220613578));
#2260=CARTESIAN_POINT('',(0.0554686021702266,0.0189317008022417,0.00217279220613578));
#2261=CARTESIAN_POINT('',(0.0372001514862342,0.0372001514862342,0.00217279220613578));
#2262=CARTESIAN_POINT('',(0.0570466583136667,0.0173536446588016,0.00217279220613578));
#2263=CARTESIAN_POINT('',(0.,0.0190062766274537,0.00217279220613578));
#2264=CARTESIAN_POINT('',(-0.0552885584465894,0.0190062766274537,0.00217279220613578));
#2265=CARTESIAN_POINT('',(0.0568666163450146,0.0171736026901495,0.00217279220613578));
#2266=CARTESIAN_POINT('',(0.0571212341388788,0.0171736026901495,0.00217279220613578));
#2267=CARTESIAN_POINT('',(-0.0552885584465894,0.0187516545966807,0.00217279220613578));
#2268=CARTESIAN_POINT('',(-0.0554686034111885,0.0189316995612799,0.00217279220613578));
#2269=CARTESIAN_POINT('',(0.0571212341388788,0.,0.00217279220613578));
#2270=CARTESIAN_POINT('',(0.0571212341388788,-0.0081517293414637,0.00217279220613578));
#2271=CARTESIAN_POINT('',(-0.0372001514862342,0.0372001514862342,0.00217279220613578));
#2272=CARTESIAN_POINT('',(-0.0570466570727049,0.0173536458997635,0.00217279220613578));
#2273=CARTESIAN_POINT('',(0.0471569551604705,-0.0081517293414637,0.00217279220613578));
#2274=CARTESIAN_POINT('',(0.0542027643957376,-0.0151975385767308,0.00217279220613578));
#2275=CARTESIAN_POINT('',(-0.0568666121081058,0.0171736009351644,0.00217279220613578));
#2276=CARTESIAN_POINT('',(-0.0571212341388788,0.0171736009351644,0.00217279220613578));
#2277=CARTESIAN_POINT('',(0.0347001514862341,-0.0347001514862342,0.00217279220613578));
#2278=CARTESIAN_POINT('',(0.0533124960881558,-0.0160878068843125,0.00217279220613578));
#2279=CARTESIAN_POINT('',(-0.0571212341388788,0.,0.00217279220613578));
#2280=CARTESIAN_POINT('',(-0.0571212341388788,-0.0081517293414637,0.00217279220613578));
#2281=CARTESIAN_POINT('',(0.0462666868528887,-0.00904199764904547,0.00217279220613578));
#2282=CARTESIAN_POINT('',(0.0462666868528887,-0.0190062766274537,0.00217279220613578));
#2283=CARTESIAN_POINT('',(-0.0471569551604705,-0.0081517293414637,0.00217279220613578));
#2284=CARTESIAN_POINT('',(-0.0542027643957376,-0.0151975385767308,0.00217279220613578));
#2285=CARTESIAN_POINT('',(0.,-0.0190062766274537,0.00217279220613578));
#2286=CARTESIAN_POINT('',(-0.0462666868528887,-0.0190062766274537,0.00217279220613578));
#2287=CARTESIAN_POINT('',(-0.0347001514862341,-0.0347001514862342,0.00217279220613578));
#2288=CARTESIAN_POINT('',(-0.0533124960881558,-0.0160878068843125,0.00217279220613578));
#2289=CARTESIAN_POINT('',(-0.0462666868528887,-0.00904199764904547,0.00217279220613578));
#2290=CARTESIAN_POINT('',(-0.0375415728424715,0.0375415728424715,0.00531005050633883));
#2291=CARTESIAN_POINT('',(-0.0558100247674258,0.0192731209175172,0.00531005050633883));
#2292=CARTESIAN_POINT('',(-0.0573880784289422,0.0176950672560008,0.00531005050633883));
#2293=CARTESIAN_POINT('',(-0.0568666121081058,0.0171736009351644,0.00531005050633883));
#2294=CARTESIAN_POINT('',(-0.0576040768513534,0.0171736009351644,0.00531005050633883));
#2295=CARTESIAN_POINT('',(-0.0552885584465894,0.0187516545966807,0.00531005050633883));
#2296=CARTESIAN_POINT('',(-0.0552885584465894,0.0194891193399284,0.00531005050633883));
#2297=CARTESIAN_POINT('',(-0.0576040768513534,0.,0.00531005050633883));
#2298=CARTESIAN_POINT('',(-0.0576040768513534,-0.0081517293414637,0.00531005050633883));
#2299=CARTESIAN_POINT('',(0.,0.0194891193399284,0.00531005050633883));
#2300=CARTESIAN_POINT('',(0.0552885602015745,0.0194891193399284,0.00531005050633883));
#2301=CARTESIAN_POINT('',(-0.0471569551604705,-0.0081517293414637,0.00531005050633883));
#2302=CARTESIAN_POINT('',(-0.0545441857519749,-0.0155389599329681,0.00531005050633883));
#2303=CARTESIAN_POINT('',(0.0552885602015745,0.0187516588335895,0.00531005050633883));
#2304=CARTESIAN_POINT('',(0.055810023526464,0.019273122158479,0.00531005050633883));
#2305=CARTESIAN_POINT('',(-0.0350415728424715,-0.0350415728424715,0.00531005050633883));
#2306=CARTESIAN_POINT('',(-0.0536539174443931,-0.0164292282405498,0.00531005050633883));
#2307=CARTESIAN_POINT('',(0.0375415728424715,0.0375415728424715,0.00531005050633883));
#2308=CARTESIAN_POINT('',(0.057388079669904,0.0176950660150389,0.00531005050633883));
#2309=CARTESIAN_POINT('',(-0.0462666868528887,-0.00904199764904547,0.00531005050633883));
#2310=CARTESIAN_POINT('',(-0.0462666868528887,-0.0194891193399284,0.00531005050633883));
#2311=CARTESIAN_POINT('',(0.0568666163450146,0.0171736026901495,0.00531005050633883));
#2312=CARTESIAN_POINT('',(0.0576040768513534,0.0171736026901495,0.00531005050633883));
#2313=CARTESIAN_POINT('',(0.,-0.0194891193399284,0.00531005050633883));
#2314=CARTESIAN_POINT('',(0.0462666868528887,-0.0194891193399284,0.00531005050633883));
#2315=CARTESIAN_POINT('',(0.0576040768513534,0.,0.00531005050633883));
#2316=CARTESIAN_POINT('',(0.0576040768513534,-0.0081517293414637,0.00531005050633883));
#2317=CARTESIAN_POINT('',(0.0462666868528887,-0.00904199764904547,0.00531005050633883));
#2318=CARTESIAN_POINT('',(0.0536539174443931,-0.0164292282405498,0.00531005050633883));
#2319=CARTESIAN_POINT('',(0.0471569551604705,-0.0081517293414637,0.00531005050633883));
#2320=CARTESIAN_POINT('',(0.0545441857519749,-0.0155389599329681,0.00531005050633883));
#2321=CARTESIAN_POINT('',(0.0350415728424715,-0.0350415728424715,0.00531005050633883));
#2322=MECHANICAL_DESIGN_GEOMETRIC_PRESENTATION_REPRESENTATION('',(#1235),
#2323);
#2323=(
GEOMETRIC_REPRESENTATION_CONTEXT(3)
GLOBAL_UNCERTAINTY_ASSIGNED_CONTEXT((#2324))
GLOBAL_UNIT_ASSIGNED_CONTEXT((#2327,#2326,#2325))
REPRESENTATION_CONTEXT('Part 1','TOP_LEVEL_ASSEMBLY_PART')
);
#2324=UNCERTAINTY_MEASURE_WITH_UNIT(LENGTH_MEASURE(2.E-5),#2327,
'DISTANCE_ACCURACY_VALUE','Maximum Tolerance applied to model');
#2325=(
NAMED_UNIT(*)
SI_UNIT($,.STERADIAN.)
SOLID_ANGLE_UNIT()
);
#2326=(
NAMED_UNIT(*)
PLANE_ANGLE_UNIT()
SI_UNIT($,.RADIAN.)
);
#2327=(
LENGTH_UNIT()
NAMED_UNIT(*)
SI_UNIT($,.METRE.)
);
#2328=PRODUCT_DEFINITION_SHAPE('','',#2329);
#2329=PRODUCT_DEFINITION('','',#2331,#2330);
#2330=PRODUCT_DEFINITION_CONTEXT('',#2337,'design');
#2331=PRODUCT_DEFINITION_FORMATION_WITH_SPECIFIED_SOURCE('','',#2333,
 .NOT_KNOWN.);
#2332=PRODUCT_RELATED_PRODUCT_CATEGORY('','',(#2333));
#2333=PRODUCT('Part 1','Part 1','Part 1',(#2335));
#2334=PRODUCT_CATEGORY('','');
#2335=PRODUCT_CONTEXT('',#2337,'mechanical');
#2336=APPLICATION_PROTOCOL_DEFINITION('international standard',
'ap242_managed_model_based_3d_engineering',2020,#2337);
#2337=APPLICATION_CONTEXT('managed model based 3d engineering');
ENDSEC;
END-ISO-10303-21;
